,open,high,low,close,volume
2020-05-08,3.52099,3.52099,3.31979,3.3700900000000003,1189810.0
2020-05-11,3.3700900000000003,3.4706900000000003,3.31979,3.42039,505698.0
2020-05-12,3.42039,3.72219,3.26949,3.52099,1282260.0
2020-05-13,3.52099,3.57129,3.42039,3.52099,650793.0
2020-05-14,3.52099,3.8227800000000003,3.4706900000000003,3.77248,1671820.0
2020-05-15,3.77248,3.97368,3.6215900000000003,3.72219,1805410.0
2020-05-18,3.77248,3.8227800000000003,3.57129,3.8227800000000003,961020.0
2020-05-19,3.77248,3.8227800000000003,3.6215900000000003,3.67189,610602.0
2020-05-20,3.6215900000000003,3.67189,3.57129,3.67189,524100.0
2020-05-21,3.67189,3.72219,3.6215900000000003,3.67189,300012.0
2020-05-22,3.67189,3.8227800000000003,3.6215900000000003,3.77248,1113088.0
2020-05-25,3.77248,3.8227800000000003,3.67189,3.77248,519345.0
2020-05-26,3.72219,3.8227800000000003,3.72219,3.77248,574083.0
2020-05-27,3.77248,3.9233800000000003,3.72219,3.8227800000000003,737131.0
2020-05-28,3.8227800000000003,3.8227800000000003,3.72219,3.72219,481946.0
2020-05-29,3.77248,3.9233800000000003,3.72219,3.9233800000000003,727528.0
2020-06-01,4.12458,4.12458,3.87308,4.12458,890509.0
2020-06-02,4.12458,4.17488,3.97368,4.07428,747300.0
2020-06-03,4.07428,4.07428,3.9233800000000003,4.02398,814697.0
2020-06-04,4.02398,4.12458,3.9233800000000003,4.07428,1518579.0
2020-06-05,4.18839,4.18839,3.9650100000000004,4.13255,837811.0
2020-06-08,3.51825,4.18839,3.51825,4.0767,851300.0
2020-06-09,4.0767,4.0767,3.9650100000000004,4.02086,777727.0
2020-06-10,3.90917,4.02086,3.90917,3.9650100000000004,799988.0
2020-06-11,3.9650100000000004,3.9650100000000004,3.62994,3.79748,1392856.0
2020-06-12,3.79748,3.79748,3.29487,3.7416300000000002,795236.0
2020-06-15,3.79748,3.9650100000000004,3.62994,3.85332,948189.0
2020-06-16,3.85332,3.9650100000000004,3.79748,3.9650100000000004,519230.0
2020-06-17,3.9650100000000004,3.9650100000000004,3.79748,3.85332,364576.0
2020-06-18,3.85332,3.85332,3.68579,3.85332,500820.0
2020-06-19,3.85332,3.90917,3.79748,3.85332,253833.0
2020-06-22,3.85332,3.90917,3.85332,3.85332,231526.0
2020-06-23,3.90917,4.13255,3.90917,4.0767,1452108.0
2020-06-24,4.0767,4.13255,4.02086,4.0767,597000.0
2020-06-25,4.02086,4.18839,4.02086,4.0767,1327861.0
2020-06-26,4.13255,4.13255,3.9650100000000004,4.02086,722060.0
2020-06-29,4.0767,4.13255,3.90917,4.02086,1015530.0
2020-06-30,4.02086,4.02086,3.51825,3.68579,805740.0
2020-07-01,3.62994,3.90917,3.62994,3.90917,432770.0
2020-07-02,3.79748,3.9650100000000004,3.7416300000000002,3.9650100000000004,297135.0
2020-07-03,3.9650100000000004,3.9650100000000004,3.85332,3.9650100000000004,144790.0
2020-07-06,3.9650100000000004,4.0767,3.9650100000000004,4.0767,387100.0
2020-07-07,4.0767,4.0767,3.9650100000000004,4.02086,409213.0
2020-07-08,4.02086,4.02086,3.90917,3.90917,210500.0
2020-07-09,3.9650100000000004,4.02086,3.9650100000000004,4.02086,306056.0
2020-07-10,4.02086,4.02086,3.90917,3.9650100000000004,375250.0
2020-07-13,4.02086,4.18839,3.9650100000000004,4.13255,880470.0
2020-07-14,4.13255,4.13255,4.0767,4.13255,600834.0
2020-07-15,4.13255,4.635149999999999,4.0767,4.635149999999999,3000829.0
2020-07-16,4.74684,4.74684,4.52346,4.635149999999999,810994.0
2020-07-17,4.635149999999999,4.635149999999999,4.46762,4.52346,349309.0
2020-07-20,4.52346,4.52346,4.411770000000001,4.52346,668775.0
2020-07-21,4.52346,4.802689999999999,4.46762,4.635149999999999,1054931.0
2020-07-22,4.635149999999999,4.691,4.46762,4.46762,516863.0
2020-07-23,4.52346,4.52346,4.411770000000001,4.52346,573012.0
2020-07-24,4.46762,4.52346,4.02086,4.18839,1589973.0
2020-07-27,4.02086,4.18839,3.7416300000000002,3.79748,1524901.0
2020-07-28,3.85332,4.18839,3.79748,4.13255,884800.0
2020-07-29,4.0767,4.18839,3.85332,4.0767,1084160.0
2020-07-30,4.0767,4.24424,4.0767,4.18839,644060.0
2020-07-31,4.13255,4.18839,3.9650100000000004,4.0767,237101.0
2020-08-03,4.18839,4.35593,4.18839,4.30008,1111049.0
2020-08-04,4.411770000000001,4.57931,4.35593,4.46762,959521.0
2020-08-05,4.46762,4.635149999999999,4.46762,4.57931,904298.0
2020-08-06,4.635149999999999,4.802689999999999,4.46762,4.691,2236910.0
2020-08-07,4.691,4.74684,4.57931,4.635149999999999,471996.0
2020-08-10,4.57931,4.691,4.52346,4.635149999999999,664950.0
2020-08-11,4.57931,4.635149999999999,4.46762,4.52346,1188115.0
2020-08-12,4.52346,4.802689999999999,4.46762,4.74684,1031485.0
2020-08-13,4.74684,4.74684,4.635149999999999,4.74684,320830.0
2020-08-14,4.691,4.74684,4.57931,4.635149999999999,1102445.0
2020-08-17,4.635149999999999,4.635149999999999,4.46762,4.635149999999999,560760.0
2020-08-18,4.635149999999999,4.691,4.52346,4.57931,368191.0
2020-08-19,4.57931,4.691,4.52346,4.691,514170.0
2020-08-20,4.691,4.74684,4.635149999999999,4.691,781269.0
2020-08-21,4.74684,4.74684,4.691,4.691,425780.0
2020-08-24,4.691,5.08192,4.691,5.02607,2085308.0
2020-08-25,4.97023,5.02607,4.85853,4.91438,671120.0
2020-08-26,4.91438,4.97023,4.85853,4.97023,562998.0
2020-08-27,4.91438,5.13776,4.85853,5.13776,1036651.0
2020-08-28,5.13776,5.13776,4.91438,4.97023,737188.0
2020-08-31,5.02607,5.02607,4.85853,4.91438,1182526.0
2020-09-01,4.91438,4.97023,4.802689999999999,4.91438,566820.0
2020-09-03,4.91438,5.02607,4.91438,4.97023,332550.0
2020-09-04,4.91438,4.97023,4.52346,4.91438,377950.0
2020-09-07,4.91438,5.02607,4.85853,4.91438,588259.0
2020-09-08,4.91438,4.97023,4.85853,4.97023,433905.0
2020-09-09,4.91438,5.2494499999999995,4.91438,5.13776,1676425.0
2020-09-10,5.13776,5.2494499999999995,5.13776,5.13776,569740.0
2020-09-11,5.13776,5.19361,5.08192,5.08192,317305.0
2020-09-14,5.08192,5.19361,5.08192,5.13776,513050.0
2020-09-15,5.13776,5.2494499999999995,5.13776,5.13776,360961.0
2020-09-16,5.13776,5.3053,5.08192,5.3053,821212.0
2020-09-17,5.3053,5.3053,5.19361,5.2494499999999995,679222.0
2020-09-18,5.2494499999999995,5.41699,5.2494499999999995,5.3053,899610.0
2020-09-21,5.3053,5.3053,5.2494499999999995,5.3053,857656.0
2020-09-22,5.2494499999999995,5.361140000000001,5.2494499999999995,5.3053,522813.0
2020-09-23,5.361140000000001,5.361140000000001,5.2494499999999995,5.3053,518940.0
2020-09-24,5.3053,5.3053,5.13776,5.19361,883540.0
2020-09-25,5.19361,5.2494499999999995,5.13776,5.19361,282770.0
2020-09-28,5.19361,5.3053,5.19361,5.2494499999999995,520526.0
2020-09-29,5.2494499999999995,5.2494499999999995,5.08192,5.08192,774150.0
2020-09-30,5.08192,5.13776,4.97023,5.08192,579030.0
2020-10-01,5.08192,5.08192,4.97023,5.08192,461050.0
2020-10-02,5.02607,5.19361,4.85853,5.02607,760859.0
2020-10-05,5.08192,5.19361,5.08192,5.13776,512500.0
2020-10-06,5.19361,5.19361,5.08192,5.08192,337100.0
2020-10-07,5.08192,5.13776,5.02607,5.02607,605500.0
2020-10-08,5.08192,5.13776,4.97023,5.02607,770800.0
2020-10-09,5.02607,5.08192,4.97023,5.02607,322300.0
2020-10-12,5.02607,5.02607,4.91438,4.97023,203600.0
2020-10-13,4.97023,4.97023,4.91438,4.97023,198700.0
2020-10-14,4.91438,4.97023,4.74684,4.802689999999999,662700.0
2020-10-15,4.802689999999999,4.802689999999999,4.52346,4.635149999999999,800400.0
2020-10-16,4.57931,4.57931,4.46762,4.57931,286500.0
2020-10-19,4.52346,4.691,4.52346,4.635149999999999,199200.0
2020-10-20,4.635149999999999,4.635149999999999,4.52346,4.635149999999999,178900.0
2020-10-21,4.57931,4.57931,4.46762,4.52346,261600.0
2020-10-22,4.57931,4.57931,4.30008,4.411770000000001,485500.0
2020-10-23,4.411770000000001,4.46762,4.30008,4.35593,205200.0
2020-10-26,4.35593,4.691,4.35593,4.57931,490000.0
2020-10-27,4.52346,4.57931,4.46762,4.46762,216300.0
2020-10-28,4.411770000000001,4.411770000000001,4.30008,4.30008,254100.0
2020-10-29,4.30008,4.30008,4.02086,4.18839,357500.0
2020-10-30,4.18839,4.24424,4.13255,4.18839,195600.0
2020-11-02,4.24424,4.24424,4.13255,4.24424,130000.0
2020-11-03,4.24424,4.30008,4.13255,4.18839,149400.0
2020-11-04,4.18839,4.30008,4.13255,4.24424,316300.0
2020-11-05,4.24424,4.57931,4.18839,4.46762,438400.0
2020-11-06,4.46762,4.52346,4.30008,4.46762,286100.0
2020-11-09,4.46762,4.57931,4.46762,4.57931,499200.0
2020-11-10,4.635149999999999,4.635149999999999,4.52346,4.52346,534100.0
2020-11-11,4.52346,4.57931,4.46762,4.52346,206100.0
2020-11-12,4.57931,4.57931,4.52346,4.57931,150800.0
2020-11-13,4.57931,4.691,4.57931,4.635149999999999,265200.0
2020-11-16,4.691,4.691,4.57931,4.635149999999999,187400.0
2020-11-17,4.635149999999999,4.691,4.57931,4.691,142000.0
2020-11-18,4.691,4.691,4.57931,4.691,165800.0
2020-11-19,4.691,4.691,4.635149999999999,4.691,188300.0
2020-11-20,4.691,4.91438,4.57931,4.85853,789900.0
2020-11-23,4.85853,5.02607,4.802689999999999,4.97023,734600.0
2020-11-24,4.97023,5.08192,4.91438,5.02607,725400.0
2020-11-25,5.02607,5.13776,4.85853,5.08192,1500800.0
2020-11-26,5.31748,5.55122,5.02531,5.43435,1601400.0
2020-11-27,5.43435,5.726520000000001,5.37591,5.49278,569300.0
2020-11-30,5.49278,5.49278,5.25905,5.31748,471600.0
2020-12-01,5.200609999999999,5.49278,5.08374,5.43435,1119200.0
2020-12-02,5.37591,5.66808,5.31748,5.609649999999999,1302400.0
2020-12-03,5.609649999999999,5.726520000000001,5.55122,5.609649999999999,537600.0
2020-12-04,5.609649999999999,5.609649999999999,5.43435,5.49278,418400.0
2020-12-07,5.49278,5.609649999999999,5.43435,5.55122,744300.0
2020-12-08,5.609649999999999,5.90182,5.609649999999999,5.726520000000001,2514600.0
2020-12-09,5.726520000000001,5.96025,5.726520000000001,5.84338,1502600.0
2020-12-10,5.84338,5.84338,5.55122,5.66808,939500.0
2020-12-11,5.66808,6.07712,5.609649999999999,5.90182,1308580.0
2020-12-14,5.84338,5.96025,5.78495,5.96025,669135.0
2020-12-15,5.96025,6.07712,5.84338,5.90182,2232815.0
2020-12-16,6.018689999999999,6.018689999999999,5.90182,5.96025,866085.0
2020-12-17,5.96025,5.96025,5.78495,5.78495,845100.0
2020-12-18,5.84338,5.90182,5.78495,5.84338,1061123.0
2020-12-21,5.84338,5.96025,5.55122,5.726520000000001,2482404.0
2020-12-22,5.726520000000001,6.36929,5.609649999999999,6.31086,3644737.0
2020-12-23,6.31086,6.66146,6.31086,6.42772,3028848.0
2020-12-24,6.42772,6.48616,6.018689999999999,6.31086,2230800.0
2020-12-25,6.31086,6.54459,6.193989999999999,6.42772,2219329.0
2020-12-28,6.42772,6.71989,6.42772,6.66146,2766707.0
2020-12-29,6.66146,6.71989,6.54459,6.54459,1683343.0
2020-12-30,6.603020000000001,6.95363,6.54459,6.71989,3793690.0
2020-12-31,6.71989,6.7783299999999995,6.54459,6.66146,718570.0
2021-01-04,6.71989,6.7783299999999995,6.603020000000001,6.66146,1210697.0
2021-01-05,6.66146,7.12893,6.66146,6.95363,3779778.0
2021-01-06,7.01206,7.01206,6.7783299999999995,6.8951899999999995,1168261.0
2021-01-07,6.8951899999999995,6.8951899999999995,6.71989,6.83676,1053996.0
2021-01-08,6.83676,6.8951899999999995,6.71989,6.7783299999999995,1837683.0
2021-01-11,6.83676,6.83676,6.66146,6.7783299999999995,1298043.0
2021-01-12,6.7783299999999995,7.18736,6.71989,7.0705,2493902.0
2021-01-13,7.0705,7.2458,6.8951899999999995,7.01206,1450568.0
2021-01-14,7.01206,7.01206,6.7783299999999995,6.95363,758125.0
2021-01-15,6.8951899999999995,6.95363,6.83676,6.95363,1249900.0
2021-01-18,6.95363,6.95363,6.83676,6.8951899999999995,1235545.0
2021-01-19,6.8951899999999995,6.95363,5.90182,6.54459,2052820.0
2021-01-20,6.54459,6.66146,5.90182,6.42772,1156420.0
2021-01-21,6.7783299999999995,6.7783299999999995,6.42772,6.603020000000001,689231.0
2021-01-22,6.54459,6.66146,6.42772,6.48616,579410.0
2021-01-25,6.36929,6.54459,6.36929,6.48616,650123.0
2021-01-26,6.48616,6.54459,6.07712,6.25242,1123070.0
2021-01-27,6.13555,6.31086,5.726520000000001,5.84338,1036880.0
2021-01-28,5.66808,5.726520000000001,5.08374,5.08374,1518400.0
2021-01-29,4.38254,5.49278,4.38254,5.37591,1322535.0
2021-02-01,5.31748,5.609649999999999,5.08374,5.200609999999999,537500.0
2021-02-02,5.25905,5.37591,5.08374,5.37591,244240.0
2021-02-03,5.31748,5.96025,5.25905,5.90182,683733.0
2021-02-04,5.90182,6.13555,5.66808,6.018689999999999,479305.0
2021-02-05,6.07712,6.13555,5.90182,6.07712,452900.0
2021-02-08,6.018689999999999,6.018689999999999,5.55122,5.78495,548940.0
2021-02-09,5.726520000000001,5.90182,5.66808,5.90182,326700.0
2021-02-17,6.42772,6.42772,5.96025,6.25242,291829.0
2021-02-18,6.25242,6.36929,6.07712,6.25242,537770.0
2021-02-19,6.25242,6.25242,6.13555,6.193989999999999,657900.0
2021-02-22,6.25242,6.36929,6.13555,6.31086,869467.0
2021-02-23,6.25242,6.31086,6.193989999999999,6.193989999999999,770700.0
2021-02-24,6.25242,6.31086,6.07712,6.13555,732930.0
2021-02-25,6.13555,6.193989999999999,6.018689999999999,6.13555,512710.0
2021-02-26,6.07712,6.07712,5.90182,6.07712,460652.0
2021-03-01,6.018689999999999,6.193989999999999,5.96025,6.13555,1249150.0
2021-03-02,6.31784,6.50366,6.19396,6.2559,1284878.0
2021-03-03,6.31784,6.50366,6.2559,6.44172,1165166.0
2021-03-04,6.379779999999999,6.68948,6.379779999999999,6.50366,1407701.0
2021-03-05,6.50366,6.93724,6.379779999999999,6.93724,2139395.0
2021-03-08,6.93724,7.68051,6.813359999999999,7.68051,4645549.0
2021-03-09,7.68051,7.92827,7.37082,7.4947,2469091.0
2021-03-10,7.68051,7.68051,7.2469399999999995,7.37082,1426069.0
2021-03-11,7.43276,7.61857,7.2469399999999995,7.43276,1969995.0
2021-03-12,7.43276,7.556640000000001,7.30888,7.37082,1825506.0
2021-03-15,7.43276,7.43276,7.185,7.2469399999999995,1721300.0
2021-03-16,7.2469399999999995,7.30888,6.93724,7.06112,2521674.0
2021-03-17,7.06112,7.37082,7.06112,7.30888,1308562.0
2021-03-18,7.30888,7.37082,7.185,7.30888,797294.0
2021-03-19,7.30888,7.30888,7.123060000000001,7.185,796353.0
2021-03-22,7.123060000000001,7.185,6.99918,7.123060000000001,1082992.0
2021-03-23,7.123060000000001,7.123060000000001,6.93724,7.06112,1064431.0
2021-03-24,6.99918,7.30888,6.8753,7.185,2007591.0
2021-03-25,7.185,7.2469399999999995,6.99918,7.123060000000001,761605.0
2021-03-26,7.123060000000001,7.123060000000001,6.565600000000001,7.06112,1256112.0
2021-03-29,7.06112,7.185,6.813359999999999,7.123060000000001,1114985.0
2021-03-30,7.123060000000001,7.37082,7.06112,7.06112,1428737.0
2021-03-31,7.185,7.185,6.99918,7.06112,721168.0
2021-04-01,7.06112,7.30888,6.99918,7.2469399999999995,1485420.0
2021-04-02,7.2469399999999995,7.37082,7.123060000000001,7.2469399999999995,1580669.0
2021-04-05,7.30888,7.43276,7.2469399999999995,7.30888,2667968.0
2021-04-06,7.37082,7.92827,7.30888,7.804390000000001,5798620.0
2021-04-07,7.804390000000001,7.86633,7.61857,7.61857,1219205.0
2021-04-08,7.61857,7.68051,7.43276,7.4947,1548117.0
2021-04-09,7.4947,7.4947,7.185,7.30888,2678746.0
2021-04-12,7.43276,7.556640000000001,7.30888,7.43276,1842412.0
2021-04-13,7.43276,7.61857,6.813359999999999,7.185,2652192.0
2021-04-14,7.2469399999999995,7.2469399999999995,6.99918,7.2469399999999995,1039500.0
2021-04-15,7.123060000000001,7.30888,6.93724,6.99918,1066857.0
2021-04-16,7.06112,7.06112,6.50366,6.813359999999999,2044962.0
2021-04-19,6.99918,7.06112,6.50366,6.75142,707958.0
2021-04-20,6.62754,6.75142,6.31784,6.50366,1114404.0
2021-04-22,6.50366,6.50366,6.00814,6.132020000000001,1273200.0
2021-04-23,6.132020000000001,6.44172,5.884270000000001,6.2559,861232.0
2021-04-26,6.2559,6.31784,6.07008,6.19396,483253.0
2021-04-27,6.2559,6.31784,6.00814,6.19396,727863.0
2021-04-28,6.19396,6.31784,6.132020000000001,6.2559,398408.0
2021-04-29,6.2559,6.50366,6.2559,6.31784,704448.0
2021-05-04,6.2559,6.2559,5.9462,6.132020000000001,622056.0
2021-05-05,6.19396,6.31784,6.132020000000001,6.31784,616710.0
2021-05-06,6.31784,6.379779999999999,6.19396,6.2559,859116.0
2021-05-07,6.19396,6.19396,6.07008,6.07008,631583.0
2021-05-10,6.00814,6.132020000000001,5.9462,6.00814,828771.0
2021-05-11,6.00814,6.132020000000001,5.9462,6.07008,627649.0
2021-05-12,6.07008,6.132020000000001,5.9462,6.00814,821650.0
2021-05-13,6.00814,6.62754,6.00814,6.31784,1285786.0
2021-05-14,6.31784,6.379779999999999,6.132020000000001,6.2559,466734.0
2021-05-17,6.31784,6.31784,6.07008,6.19396,237340.0
2021-05-18,6.19396,6.19396,6.00814,6.07008,428380.0
2021-05-19,6.07008,6.2559,5.9462,6.00814,583247.0
2021-05-20,6.07008,6.07008,5.82233,5.884270000000001,814680.0
2021-05-21,5.884270000000001,6.07008,5.51263,5.9462,1338916.0
2021-05-24,6.00814,6.07008,5.82233,5.9462,377268.0
2021-05-25,6.00814,6.00814,5.884270000000001,5.9462,384542.0
2021-05-26,5.9462,6.00814,5.82233,5.884270000000001,718286.0
2021-05-27,5.82233,6.00814,5.76039,5.884270000000001,1013597.0
2021-05-28,5.884270000000001,5.9462,5.76039,5.9462,610010.0
2021-05-31,5.82233,6.07008,5.76039,6.07008,1125848.0
2021-06-01,6.07008,6.50366,6.07008,6.44172,1305671.0
2021-06-02,6.50366,6.62754,6.379779999999999,6.565600000000001,1286424.0
2021-06-03,6.565600000000001,6.62754,6.44172,6.565600000000001,1097289.0
2021-06-04,6.565600000000001,6.565600000000001,6.31784,6.379779999999999,721241.0
2021-06-07,6.379779999999999,6.44172,6.132020000000001,6.2559,955090.0
2021-06-08,6.31784,6.379779999999999,6.07008,6.132020000000001,830748.0
2021-06-09,6.19396,6.19396,6.00814,6.132020000000001,620196.0
2021-06-10,6.19396,6.19396,6.00814,6.07008,462872.0
2021-06-11,6.07008,6.19396,6.00814,6.19396,500611.0
2021-06-14,6.19396,6.2559,6.07008,6.132020000000001,678714.0
2021-06-15,6.132020000000001,6.19396,6.00814,6.07008,698252.0
2021-06-16,6.132020000000001,6.68948,6.132020000000001,6.50366,2394774.0
2021-06-17,6.50366,6.50366,6.2559,6.44172,706994.0
2021-06-18,6.44172,6.99918,6.379779999999999,6.93724,3221125.0
2021-06-21,6.93724,6.99918,6.68948,6.813359999999999,1091445.0
2021-06-22,6.813359999999999,6.8753,6.50366,6.62754,1318054.0
2021-06-23,6.565600000000001,6.62754,6.44172,6.50366,955873.0
2021-06-24,6.50366,6.50366,6.2559,6.379779999999999,990541.0
2021-06-25,6.379779999999999,6.44172,6.19396,6.31784,626938.0
2021-06-28,6.379779999999999,6.379779999999999,6.2559,6.379779999999999,434631.0
2021-06-29,6.31784,6.379779999999999,6.2559,6.31784,497364.0
2021-06-30,6.31784,6.31784,6.132020000000001,6.31784,613449.0
2021-07-01,6.31784,6.379779999999999,6.19396,6.2559,413365.0
2021-07-02,6.379779999999999,6.379779999999999,6.132020000000001,6.2559,737056.0
2021-07-05,6.2559,6.2559,5.9462,6.07008,807708.0
2021-07-06,6.00814,6.07008,5.69845,5.82233,805068.0
2021-07-07,5.82233,5.82233,5.51263,5.76039,955498.0
2021-07-08,5.69845,5.76039,5.57457,5.63651,323481.0
2021-07-09,5.63651,5.63651,5.45069,5.51263,512634.0
2021-07-12,5.51263,5.51263,4.76935,5.1409899999999995,939698.0
2021-07-13,5.1409899999999995,5.32681,5.0790500000000005,5.32681,412341.0
2021-07-14,5.45069,5.45069,5.1409899999999995,5.20293,374279.0
2021-07-15,5.26487,5.38875,5.20293,5.38875,278830.0
2021-07-16,5.32681,5.51263,5.32681,5.51263,334782.0
2021-07-19,5.51263,5.51263,5.0790500000000005,5.26487,644222.0
2021-07-20,5.26487,5.38875,4.95517,5.38875,331246.0
2021-07-21,5.38875,5.38875,5.1409899999999995,5.32681,310861.0
2021-07-22,5.26487,5.45069,5.20293,5.45069,362100.0
2021-07-23,5.45069,5.45069,5.20293,5.32681,273054.0
2021-07-26,5.26487,5.38875,5.1409899999999995,5.32681,175953.0
2021-07-27,5.26487,5.38875,5.26487,5.32681,191608.0
2021-07-28,5.32681,5.76039,5.26487,5.57457,808047.0
2021-07-29,5.63651,5.69845,5.57457,5.63651,165728.0
2021-07-30,5.63651,5.69845,5.51263,5.69845,347865.0
2021-08-02,5.69845,6.07008,5.57457,5.884270000000001,724284.0
2021-08-03,5.76039,5.884270000000001,5.69845,5.82233,279262.0
2021-08-04,5.82233,5.82233,5.69845,5.76039,234216.0
2021-08-05,5.69845,5.76039,5.57457,5.69845,332030.0
2021-08-06,5.69845,5.884270000000001,5.63651,5.82233,651044.0
2021-08-09,5.82233,6.07008,5.76039,6.07008,1776436.0
2021-08-10,6.00814,6.31784,5.9462,6.31784,2080300.0
2021-08-11,6.31784,6.62754,6.2559,6.50366,3333966.0
2021-08-12,6.44172,7.06112,6.44172,6.68948,4933789.0
2021-08-13,6.68948,6.99918,6.379779999999999,6.62754,4851712.0
2021-08-16,6.62754,6.93724,6.565600000000001,6.62754,2642833.0
2021-08-17,6.68948,6.75142,6.379779999999999,6.44172,3393961.0
2021-08-18,6.379779999999999,6.50366,6.31784,6.379779999999999,2793667.0
2021-08-19,6.31784,6.62754,6.31784,6.565600000000001,2689550.0
2021-08-20,6.565600000000001,6.99918,6.565600000000001,6.75142,9713905.0
2021-08-23,6.75142,7.123060000000001,6.75142,6.93724,4216927.0
2021-08-24,6.93724,6.93724,6.50366,6.565600000000001,2898433.0
2021-08-25,6.565600000000001,6.565600000000001,6.19396,6.44172,4816368.0
2021-08-26,6.44172,6.62754,6.31784,6.565600000000001,2911520.0
2021-08-27,6.565600000000001,7.185,6.379779999999999,7.06112,4855177.0
2021-08-30,7.06112,7.61857,6.99918,7.43276,6487301.0
2021-08-31,7.43276,7.4947,7.123060000000001,7.185,3806607.0
2021-09-01,7.185,7.61857,7.06112,7.61857,5707619.0
2021-09-06,7.61857,7.804390000000001,7.43276,7.4947,3915259.0
2021-09-07,7.61857,7.61857,7.185,7.30888,3659122.0
2021-09-08,7.2469399999999995,7.37082,7.06112,7.30888,2290167.0
2021-09-09,7.30888,7.556640000000001,7.123060000000001,7.43276,2613171.0
2021-09-10,7.43276,7.43276,7.185,7.185,2321523.0
2021-09-13,7.185,7.185,6.75142,6.813359999999999,5357919.0
2021-09-14,7.09082,7.156479999999999,6.8938500000000005,6.95951,1634911.0
2021-09-15,6.95951,7.74738,6.95951,7.68172,3601996.0
2021-09-16,7.68172,7.8130299999999995,7.35344,7.4191,1772249.0
2021-09-17,7.28779,7.68172,7.22213,7.55041,2759807.0
2021-09-20,7.55041,8.14131,7.55041,7.8130299999999995,5461211.0
2021-09-21,7.68172,7.87869,7.4191,7.74738,2787749.0
2021-09-22,7.74738,8.14131,7.74738,8.14131,4526596.0
2021-09-23,8.14131,8.46959,7.74738,7.87869,3672422.0
2021-09-24,7.87869,7.87869,7.61607,7.68172,1853624.0
2021-09-27,7.68172,7.68172,7.02516,7.02516,3764881.0
2021-09-28,7.02516,7.35344,6.8938500000000005,7.35344,1794169.0
2021-09-29,7.09082,7.74738,7.09082,7.68172,1665727.0
2021-09-30,7.61607,7.8130299999999995,7.4847600000000005,7.61607,928399.0
2021-10-01,7.68172,7.68172,7.35344,7.4191,1791694.0
2021-10-04,7.4191,7.61607,7.22213,7.61607,1919700.0
2021-10-05,7.61607,7.74738,7.4847600000000005,7.61607,1767978.0
2021-10-06,7.55041,8.01,7.55041,7.87869,5438567.0
2021-10-07,7.87869,8.07566,7.8130299999999995,7.87869,2959206.0
2021-10-08,7.87869,7.94435,7.68172,7.8130299999999995,2169477.0
2021-10-11,7.74738,7.87869,7.61607,7.68172,2118221.0
2021-10-12,7.74738,7.74738,7.4191,7.68172,2616933.0
2021-10-13,7.61607,7.74738,7.4847600000000005,7.68172,1528946.0
2021-10-14,7.68172,7.87869,7.61607,7.74738,1883159.0
2021-10-15,7.74738,7.8130299999999995,7.55041,7.68172,2258532.0
2021-10-18,7.68172,7.68172,7.4847600000000005,7.55041,1899708.0
2021-10-19,7.55041,7.55041,7.4191,7.55041,1417757.0
2021-10-20,7.61607,7.68172,7.35344,7.55041,1890396.0
2021-10-21,7.55041,7.61607,7.4191,7.61607,1520715.0
2021-10-22,7.61607,8.272620000000002,7.61607,8.20697,8731778.0
2021-10-25,8.14131,8.732209999999998,8.14131,8.46959,5046388.0
2021-10-26,8.53525,8.6009,8.20697,8.6009,3856617.0
2021-10-27,8.6009,8.666559999999999,8.40394,8.53525,3849700.0
2021-10-28,8.53525,8.6009,8.338280000000001,8.6009,3222896.0
2021-10-29,8.6009,9.191799999999999,8.46959,9.126149999999999,4881380.0
2021-11-01,9.191799999999999,9.388770000000001,9.06049,9.191799999999999,3491284.0
2021-11-02,9.257459999999998,9.388770000000001,9.06049,9.323120000000001,3992246.0
2021-11-03,9.323120000000001,9.58574,8.53525,8.86353,5165091.0
2021-11-04,8.732209999999998,9.388770000000001,8.732209999999998,9.257459999999998,3469746.0
2021-11-05,9.257459999999998,9.58574,9.191799999999999,9.45443,2085630.0
2021-11-08,9.257459999999998,10.11099,9.191799999999999,9.848360000000001,3622498.0
2021-11-09,9.65139,9.848360000000001,9.65139,9.848360000000001,2401188.0
2021-11-10,9.848360000000001,10.30795,9.717049999999999,10.242299999999998,2332828.0
2021-11-11,9.45443,10.76754,9.45443,10.57058,2921763.0
2021-11-12,10.373610000000001,11.94935,10.373610000000001,11.94935,4429362.0
2021-11-15,11.81803,12.93418,11.81803,12.93418,3949753.0
2021-11-16,13.06549,13.59074,12.015,12.93418,2799061.0
2021-11-17,12.93418,13.91902,12.14631,13.32812,2910875.0
2021-11-18,13.32812,14.37861,12.93418,14.2473,2027668.0
2021-11-19,14.31295,14.44426,11.94935,13.525079999999999,3718081.0
2021-11-22,13.787709999999999,13.91902,12.14631,12.211969999999999,4255722.0
2021-11-23,12.14631,13.19681,11.88369,13.06549,2425499.0
2021-11-24,13.06549,14.11599,12.80287,13.72205,1529911.0
2021-11-25,13.72205,14.37861,13.262459999999999,13.787709999999999,1579310.0
2021-11-26,13.787709999999999,14.37861,13.32812,13.787709999999999,2546801.0
2021-11-29,13.262459999999999,15.75738,13.06549,15.03517,3185047.0
2021-11-30,15.03517,15.82304,14.57558,15.69172,2372595.0
2021-12-01,15.75738,16.02,15.16648,15.49476,2012359.0
2021-12-02,15.69172,16.21697,15.29779,15.95435,2313107.0
2021-12-03,15.88869,16.282629999999997,15.62607,15.69172,3554271.0
2021-12-06,15.69172,15.82304,13.6564,14.44426,3302774.0
2021-12-07,14.44426,15.10082,13.72205,14.96951,3033491.0
2021-12-08,14.70689,15.4291,14.44426,14.44426,1231747.0
2021-12-09,14.44426,15.49476,14.37861,15.16648,1005083.0
2021-12-10,15.16648,15.29779,14.772540000000001,14.96951,967131.0
2021-12-13,14.96951,16.41394,14.96951,16.15131,1638454.0
2021-12-14,15.95435,16.41394,15.4291,15.69172,1499130.0
2021-12-15,15.36344,15.62607,15.10082,15.23213,1247500.0
2021-12-16,15.23213,15.88869,14.772540000000001,15.49476,1282627.0
2021-12-17,15.49476,15.95435,14.96951,15.95435,1594864.0
2021-12-20,15.88869,16.41394,15.69172,16.08566,1927090.0
2021-12-21,16.02,16.74222,15.95435,16.47959,2728545.0
2021-12-22,16.47959,16.74222,16.15131,16.34828,1685734.0
2021-12-23,16.41394,16.54525,15.10082,15.88869,2389180.0
2021-12-24,15.88869,15.88869,15.23213,15.69172,1430056.0
2021-12-27,15.62607,16.41394,15.4291,15.75738,1235865.0
2021-12-28,15.69172,16.08566,15.10082,15.36344,2114241.0
2021-12-29,15.36344,15.49476,14.772540000000001,14.96951,1482118.0
2021-12-30,14.96951,15.88869,14.44426,15.10082,2396682.0
2021-12-31,15.4291,15.95435,15.03517,15.56041,1656194.0
2022-01-04,15.4291,17.85836,15.4291,17.85836,8586054.0
2022-01-05,18.38361,19.76238,17.85836,19.56541,5686340.0
2022-01-06,19.56541,20.68156,19.36845,19.434099999999997,4742923.0
2022-01-07,19.56541,19.76238,18.71189,19.56541,4691515.0
2022-01-10,19.30279,21.00984,18.71189,19.17148,6437366.0
2022-01-11,17.72705,21.73205,17.72705,19.696720000000003,9366866.0
2022-01-12,19.696720000000003,21.600740000000002,19.23713,20.025,4927887.0
2022-01-13,20.025,20.48459,17.72705,18.252299999999998,4218274.0
2022-01-14,17.13615,19.23713,16.807869999999998,18.38361,2528885.0
2022-01-17,18.449270000000002,19.36845,17.070490000000003,17.72705,3175037.0
2022-01-18,17.72705,19.04017,16.54525,16.87353,4114074.0
2022-01-19,17.070490000000003,17.26746,15.23213,15.36344,4975454.0
2022-01-20,15.76035,18.07804,15.76035,18.07804,3305029.0
2022-01-21,20.210330000000003,20.30303,18.541580000000003,19.005119999999998,3708812.0
2022-01-24,19.37595,19.46866,17.150959999999998,17.5218,1546324.0
2022-01-25,17.150959999999998,20.210330000000003,16.68743,18.26346,3986862.0
2022-01-26,17.6145,19.28325,17.336380000000002,18.07804,1427773.0
2022-01-27,18.17075,18.35617,17.243669999999998,17.5218,768505.0
2022-01-28,17.42909,17.6145,16.594720000000002,17.336380000000002,1699171.0
2022-02-07,17.70721,18.541580000000003,17.5218,17.89263,1237887.0
2022-02-08,17.6145,18.727,17.6145,18.448880000000003,3377142.0
2022-02-09,18.448880000000003,19.83949,18.448880000000003,18.912419999999997,5475178.0
2022-02-10,18.912419999999997,19.83949,18.727,19.28325,5977436.0
2022-02-11,19.28325,19.9322,19.190540000000002,19.46866,2215056.0
2022-02-14,19.46866,19.74679,18.35617,18.541580000000003,5426982.0
2022-02-15,18.541580000000003,18.912419999999997,17.89263,18.63429,2093452.0
2022-02-16,18.727,19.37595,18.541580000000003,19.097830000000002,2379499.0
2022-02-17,19.097830000000002,20.210330000000003,18.912419999999997,20.02491,7236364.0
2022-02-18,20.11762,20.673869999999997,19.46866,20.11762,4228177.0
2022-02-21,20.11762,21.13741,19.65408,20.58116,4133444.0
2022-02-22,20.30303,20.39574,19.005119999999998,19.65408,4867097.0
2022-02-23,19.56137,19.9322,19.37595,19.74679,2503698.0
2022-02-24,19.65408,19.65408,17.799919999999997,18.912419999999997,4771421.0
2022-02-25,18.541580000000003,19.37595,18.541580000000003,19.005119999999998,2056781.0
2022-02-28,19.005119999999998,19.005119999999998,18.448880000000003,18.81971,2424559.0
2022-03-01,18.81971,19.28325,18.35617,19.097830000000002,2872671.0
2022-03-02,19.097830000000002,19.28325,18.63429,19.005119999999998,1819565.0
2022-03-03,19.005119999999998,19.097830000000002,18.541580000000003,19.097830000000002,2298687.0
2022-03-04,19.097830000000002,20.85928,19.097830000000002,20.39574,7804937.0
2022-03-07,20.39574,21.23011,19.65408,20.766569999999998,4190150.0
2022-03-08,20.766569999999998,21.97178,20.11762,21.044700000000002,6583117.0
2022-03-09,21.044700000000002,21.600939999999998,19.83949,20.951990000000002,4364229.0
2022-03-10,20.951990000000002,21.69365,20.85928,21.044700000000002,2029769.0
2022-03-11,21.044700000000002,22.06448,20.48845,21.13741,6261313.0
2022-03-14,21.13741,21.32282,20.39574,20.766569999999998,3187517.0
2022-03-15,20.85928,23.640520000000002,20.673869999999997,22.62073,8015766.0
2022-03-16,22.71344,23.547810000000002,22.2499,22.71344,3397719.0
2022-03-17,22.71344,23.17698,22.43532,22.62073,2428127.0
2022-03-18,22.62073,23.17698,22.34261,22.806150000000002,3389669.0
2022-03-21,22.806150000000002,24.01135,22.71344,23.640520000000002,3948598.0
2022-03-22,23.73323,23.91864,23.17698,23.3624,3077757.0
2022-03-23,23.3624,23.640520000000002,22.43532,22.62073,5219118.0
2022-03-24,22.52802,23.08427,21.786360000000002,22.806150000000002,3247963.0
2022-03-25,22.806150000000002,23.547810000000002,22.71344,23.269689999999997,3246916.0
2022-03-28,23.17698,23.3624,22.43532,22.99156,3864537.0
2022-03-29,22.99156,23.640520000000002,22.806150000000002,23.455099999999998,3823828.0
2022-03-30,23.547810000000002,24.93843,22.99156,23.91864,5688022.0
2022-03-31,24.10406,24.5676,22.99156,23.455099999999998,3153729.0
2022-04-01,23.455099999999998,23.82593,22.99156,23.640520000000002,2371131.0
2022-04-04,23.640520000000002,24.01135,23.269689999999997,23.455099999999998,3688703.0
2022-04-05,23.455099999999998,24.5676,23.269689999999997,24.01135,4645856.0
2022-04-06,24.10406,24.5676,23.73323,24.10406,4154490.0
2022-04-07,24.19677,24.19677,23.3624,23.455099999999998,2615489.0
2022-04-08,23.455099999999998,23.640520000000002,22.15719,22.2499,6465863.0
2022-04-12,22.2499,22.71344,20.951990000000002,21.32282,3851140.0
2022-04-13,21.32282,23.08427,21.23011,22.62073,2875242.0
2022-04-14,22.52802,22.62073,21.87907,22.06448,1302104.0
2022-04-15,22.2499,22.34261,21.786360000000002,21.97178,1850858.0
2022-04-18,21.87907,21.87907,19.28325,19.83949,4537225.0
2022-04-19,19.83949,20.210330000000003,18.35617,18.448880000000003,3461637.0
2022-04-20,18.448880000000003,19.005119999999998,18.17075,18.35617,2231959.0
2022-04-21,18.26346,19.9322,17.5218,18.448880000000003,3679330.0
2022-04-22,18.448880000000003,19.37595,17.89263,18.448880000000003,2050191.0
2022-04-25,18.07804,18.35617,15.76035,15.76035,6550501.0
2022-04-26,14.369729999999999,15.48222,13.62806,14.83327,7415017.0
2022-04-27,14.83327,15.2041,14.18431,15.11139,1936947.0
2022-04-28,15.11139,15.94576,14.83327,15.38951,2527511.0
2022-04-29,15.38951,15.85305,15.11139,15.667639999999999,2484662.0
2022-05-04,15.667639999999999,16.50201,15.57493,15.76035,4021191.0
2022-05-05,15.85305,16.50201,15.296809999999999,15.94576,4252654.0
2022-05-06,15.76035,15.76035,15.01868,15.11139,2462232.0
2022-05-09,14.92597,15.01868,13.16452,13.16452,4987335.0
2022-05-10,13.16452,13.53536,11.866610000000001,13.071819999999999,2549466.0
2022-05-11,13.071819999999999,13.44265,12.79369,13.16452,1250139.0
2022-05-12,13.071819999999999,13.34994,11.40307,11.773909999999999,2428852.0
2022-05-13,11.773909999999999,12.33015,10.84683,11.12495,4260820.0
2022-05-16,11.21766,12.33015,11.12495,11.49578,2591314.0
2022-05-17,11.773909999999999,12.97911,11.40307,12.8864,3370993.0
2022-05-18,12.51557,13.34994,12.51557,12.79369,3085183.0
2022-05-19,12.51557,12.97911,11.95932,12.60828,2413982.0
2022-05-20,12.60828,13.16452,12.60828,12.97911,3454145.0
2022-05-23,12.97911,13.62806,12.70098,12.8864,3736487.0
2022-05-24,12.97911,13.16452,12.51557,13.071819999999999,2251143.0
2022-05-25,13.071819999999999,13.72077,12.97911,13.53536,4786361.0
2022-05-26,13.44265,13.998899999999999,13.44265,13.62806,4184392.0
2022-05-27,13.72077,13.90619,13.53536,13.72077,2496182.0
2022-05-30,13.62806,13.90619,13.53536,13.81348,3268803.0
2022-05-31,13.81348,14.18431,13.53536,13.90619,4879320.0
2022-06-01,13.90619,14.0916,13.53536,13.90619,2500494.0
2022-06-02,13.81348,14.0916,13.62806,13.62806,3502033.0
2022-06-03,13.62806,13.72077,13.071819999999999,13.44265,2500335.0
2022-06-06,13.44265,13.72077,13.071819999999999,13.071819999999999,2283402.0
2022-06-07,13.071819999999999,13.071819999999999,12.14474,12.60828,3112144.0
2022-06-08,12.60828,13.071819999999999,12.60828,12.8864,2715663.0
2022-06-09,12.8864,13.90619,12.8864,13.44265,3700654.0
2022-06-10,13.44265,13.72077,12.97911,12.97911,2358541.0
2022-06-13,12.97911,12.97911,11.866610000000001,11.95932,4365192.0
2022-06-14,11.6812,12.60828,11.40307,11.95932,3656867.0
2022-06-15,11.95932,12.51557,10.84683,11.49578,3382661.0
2022-06-16,11.49578,12.23745,11.49578,11.58849,1651496.0
2022-06-17,11.49578,11.58849,10.19787,10.29058,3170954.0
2022-06-20,10.29058,10.939530000000001,8.99267,8.99267,2396796.0
2022-06-21,9.54892,9.54892,8.1583,8.34371,2034264.0
2022-06-22,8.43642,9.3635,8.34371,8.80725,1576125.0
2022-06-23,8.899959999999998,9.270790000000002,8.714540000000001,9.17808,975181.0
2022-06-24,9.270790000000002,9.73433,8.99267,9.270790000000002,1428283.0
2022-06-27,10.75412,10.75412,9.270790000000002,9.73433,717616.0
2022-06-28,10.10516,10.10516,9.54892,9.91975,1323369.0
2022-06-29,10.012459999999999,10.012459999999999,9.456209999999999,9.54892,1295778.0
2022-06-30,9.641620000000001,9.82704,9.085379999999999,9.270790000000002,1227838.0
2022-07-01,9.641620000000001,9.641620000000001,8.62184,9.17808,1370757.0
2022-07-04,9.270790000000002,9.456209999999999,9.085379999999999,9.270790000000002,696766.0
2022-07-05,9.270790000000002,9.270790000000002,8.899959999999998,8.99267,804087.0
2022-07-06,10.29058,10.29058,8.714540000000001,8.714540000000001,1078825.0
2022-07-07,8.80725,8.99267,8.529129999999999,8.899959999999998,770627.0
2022-07-08,8.80725,9.54892,8.80725,9.456209999999999,1696379.0
2022-07-11,9.54892,9.73433,9.085379999999999,9.3635,1379312.0
2022-07-12,9.3635,9.82704,9.17808,9.82704,1928333.0
2022-07-13,9.91975,10.568700000000002,9.73433,10.10516,2503340.0
2022-07-14,10.012459999999999,10.38329,9.82704,10.19787,1390733.0
2022-07-15,10.19787,10.568700000000002,10.012459999999999,10.19787,1661441.0
2022-07-18,10.568700000000002,11.12495,10.19787,10.84683,3200642.0
2022-07-19,10.84683,10.939530000000001,10.38329,10.66141,2007615.0
2022-07-20,10.66141,11.12495,10.66141,11.03224,2873684.0
2022-07-21,10.939530000000001,11.12495,10.66141,10.84683,1548796.0
2022-07-22,10.75412,11.03224,10.568700000000002,10.568700000000002,1354184.0
2022-07-25,10.66141,10.75412,10.47599,10.568700000000002,783171.0
2022-07-26,10.38329,11.03224,10.38329,10.568700000000002,1139329.0
2022-07-27,10.66141,10.939530000000001,10.47599,10.939530000000001,1042543.0
2022-07-28,10.939530000000001,11.40307,10.939530000000001,11.12495,2034272.0
2022-07-29,11.03224,11.31037,10.939530000000001,11.03224,1089876.0
2022-08-01,11.03224,11.58849,10.939530000000001,11.58849,2305908.0
2022-08-02,11.58849,12.23745,11.49578,11.95932,3514802.0
2022-08-03,11.95932,12.23745,11.6812,11.95932,1725322.0
2022-08-04,11.95932,12.23745,11.6812,11.773909999999999,2182290.0
2022-08-05,11.773909999999999,12.05203,11.773909999999999,12.05203,1376022.0
2022-08-08,12.05203,12.51557,12.05203,12.42286,2092332.0
2022-08-09,12.42286,12.42286,12.05203,12.14474,1128160.0
2022-08-10,12.14474,12.51557,12.05203,12.33015,1337630.0
2022-08-11,12.33015,12.70098,11.866610000000001,12.05203,2131470.0
2022-08-12,11.95932,12.33015,11.866610000000001,12.14474,857295.0
2022-08-15,12.23745,12.42286,12.14474,12.23745,880594.0
2022-08-16,12.33015,12.60828,12.23745,12.51557,2408877.0
2022-08-17,12.51557,12.79369,12.33015,12.42286,1445510.0
2022-08-18,12.33015,12.42286,12.05203,12.23745,919117.0
2022-08-19,12.14474,12.33015,11.866610000000001,12.05203,1728334.0
2022-08-22,12.05203,12.05203,11.6812,11.773909999999999,1351124.0
2022-08-23,11.773909999999999,12.42286,11.49578,12.42286,2383534.0
2022-08-24,12.14474,12.51557,12.14474,12.33015,1057641.0
2022-08-25,12.33015,12.8864,12.14474,12.79369,4268666.0
2022-08-26,12.79369,12.79369,12.42286,12.60828,1315614.0
2022-08-29,12.33015,12.42286,11.6812,12.23745,2822626.0
2022-08-30,12.23745,12.42286,12.05203,12.23745,1359807.0
2022-08-31,11.95932,12.33015,11.95932,12.33015,990564.0
2022-09-05,12.23745,12.33015,12.14474,12.33015,1079645.0
2022-09-06,12.33015,13.16452,12.33015,12.8864,4763186.0
2022-09-07,12.8864,13.44265,12.60828,12.79369,3544111.0
2022-09-08,12.79369,12.97911,12.42286,12.51557,2259579.0
2022-09-09,12.51557,12.79369,11.95932,12.79369,2588356.0
2022-09-12,12.79369,12.97911,12.60828,12.79369,1251716.0
2022-09-13,12.97911,13.25723,12.51557,13.16452,2580121.0
2022-09-14,12.8864,13.44265,12.51557,13.34994,4724529.0
2022-09-15,13.34994,13.53536,13.16452,13.34994,1749475.0
2022-09-16,13.34994,13.44265,12.8864,13.16452,4155184.0
2022-09-19,13.16452,13.44265,12.70098,12.79369,2908439.0
2022-09-20,12.97911,13.071819999999999,11.95932,12.70098,3076189.0
2022-09-21,12.70098,13.16452,12.23745,12.8864,1481054.0
2022-09-22,12.8864,13.25723,12.60828,13.16452,2283098.0
2022-09-23,13.071819999999999,13.81348,13.071819999999999,13.34994,4907254.0
2022-09-26,13.16452,13.53536,12.70098,13.25723,2922132.0
2022-09-27,13.25723,13.53536,12.97911,13.071819999999999,2246168.0
2022-09-28,13.25723,13.25723,11.6812,11.95932,5749462.0
2022-09-29,12.42286,12.42286,11.12495,11.31037,2889662.0
2022-09-30,11.21766,11.49578,10.47599,11.21766,2153732.0
2022-10-03,11.40307,11.40307,9.91975,10.012459999999999,1684207.0
2022-10-04,10.29058,10.75412,9.91975,10.012459999999999,1255431.0
2022-10-05,10.29058,10.66141,10.012459999999999,10.66141,1296399.0
2022-10-06,10.568700000000002,10.66141,9.54892,9.73433,1170778.0
2022-10-07,9.73433,9.73433,8.714540000000001,8.899959999999998,1495323.0
2022-10-10,8.80725,9.456209999999999,8.34371,9.270790000000002,1261208.0
2022-10-11,8.99267,9.3635,8.34371,8.714540000000001,1223006.0
2022-10-12,8.80725,9.456209999999999,8.529129999999999,9.085379999999999,1092847.0
2022-10-13,9.270790000000002,9.3635,9.085379999999999,9.3635,709268.0
2022-10-14,9.3635,9.73433,9.3635,9.54892,925035.0
2022-10-17,9.54892,9.73433,9.17808,9.641620000000001,951026.0
2022-10-18,9.641620000000001,9.91975,9.54892,9.73433,840019.0
2022-10-19,9.82704,9.82704,9.3635,9.54892,622783.0
2022-10-20,9.54892,9.54892,9.270790000000002,9.270790000000002,562970.0
2022-10-21,9.270790000000002,9.3635,8.529129999999999,8.714540000000001,1275175.0
2022-10-24,8.80725,8.899959999999998,7.6947600000000005,7.88017,1396846.0
2022-10-25,7.6947600000000005,8.43642,7.4166300000000005,7.88017,1444980.0
2022-10-26,7.88017,8.251,7.6947600000000005,7.88017,442726.0
2022-10-27,6.860390000000001,8.43642,6.860390000000001,8.34371,1120543.0
2022-10-28,8.251,8.529129999999999,8.06559,8.251,566084.0
2022-10-31,8.251,8.43642,7.88017,8.1583,810395.0
2022-11-01,8.251,8.43642,8.251,8.43642,967580.0
2022-11-02,8.34371,8.62184,8.251,8.43642,859193.0
2022-11-03,8.43642,9.085379999999999,8.1583,8.899959999999998,1295920.0
2022-11-04,8.80725,8.80725,8.06559,8.251,1120522.0
2022-11-07,8.34371,8.34371,7.13851,7.13851,1492544.0
2022-11-08,7.4166300000000005,7.78747,6.95309,7.6947600000000005,883629.0
2022-11-09,7.4166300000000005,7.78747,7.4166300000000005,7.60205,494526.0
2022-11-10,7.60205,7.60205,6.48955,6.58226,1827784.0
2022-11-11,5.9333100000000005,7.23122,5.8406,6.67497,996658.0
2022-11-14,6.58226,6.58226,5.74789,5.74789,1426711.0
2022-11-15,5.6551800000000005,5.6551800000000005,5.0062299999999995,5.284350000000001,2226316.0
2022-11-16,5.284350000000001,6.02601,4.6354,5.9333100000000005,1392998.0
2022-11-17,5.9333100000000005,6.48955,5.8406,6.396850000000001,852562.0
2022-11-18,6.30414,6.860390000000001,5.9333100000000005,6.76768,1650034.0
2022-11-21,6.58226,7.0458,6.58226,7.0458,822062.0
2022-11-22,7.0458,7.6947600000000005,6.860390000000001,7.0458,1394097.0
2022-11-23,7.13851,7.323930000000001,6.67497,6.67497,644137.0
2022-11-24,6.95309,7.0458,6.48955,6.95309,610836.0
2022-11-25,7.0458,7.4166300000000005,6.860390000000001,7.323930000000001,974780.0
2022-11-28,7.4166300000000005,8.1583,7.23122,8.1583,2043724.0
2022-11-29,8.1583,8.62184,7.78747,8.43642,1723492.0
2022-11-30,8.34371,8.714540000000001,8.06559,8.34371,1588091.0
2022-12-01,8.529129999999999,8.80725,8.1583,8.1583,1903667.0
2022-12-02,8.1583,8.714540000000001,7.97288,8.62184,2196040.0
2022-12-05,8.899959999999998,9.3635,8.529129999999999,8.899959999999998,1899983.0
2022-12-06,9.085379999999999,9.085379999999999,8.06559,8.1583,2669311.0
2022-12-07,8.06559,8.34371,7.60205,7.97288,1348758.0
2022-12-08,7.97288,8.43642,7.88017,8.43642,1177631.0
2022-12-09,8.1583,9.085379999999999,8.1583,8.899959999999998,2556616.0
2022-12-12,8.899959999999998,9.641620000000001,8.899959999999998,9.17808,2416201.0
2022-12-13,9.17808,9.456209999999999,8.529129999999999,9.3635,2136973.0
2022-12-14,9.17808,9.54892,8.899959999999998,9.17808,1312631.0
2022-12-15,9.17808,9.3635,8.899959999999998,9.085379999999999,867692.0
2022-12-16,9.085379999999999,9.82704,8.80725,9.456209999999999,2516407.0
2022-12-19,9.456209999999999,9.54892,8.899959999999998,8.99267,1554078.0
2022-12-20,8.99267,9.085379999999999,8.251,8.529129999999999,2237568.0
2022-12-21,8.529129999999999,8.714540000000001,7.6947600000000005,8.06559,1344549.0
2022-12-22,8.1583,8.529129999999999,8.06559,8.251,629839.0
2022-12-23,8.251,8.529129999999999,8.06559,8.251,493746.0
2022-12-26,8.34371,8.714540000000001,8.06559,8.251,1818778.0
2022-12-27,8.251,8.714540000000001,8.1583,8.714540000000001,771028.0
2022-12-28,8.62184,8.62184,8.1583,8.43642,654684.0
2022-12-29,8.251,8.899959999999998,8.1583,8.529129999999999,1119875.0
2022-12-30,8.34371,8.99267,8.251,8.80725,1343544.0
2023-01-03,8.899959999999998,9.91975,8.899959999999998,9.82704,3504611.0
2023-01-04,9.91975,10.47599,9.82704,9.91975,3137312.0
2023-01-05,9.91975,10.19787,9.54892,10.10516,3312764.0
2023-01-06,10.012459999999999,10.29058,9.641620000000001,9.73433,2172309.0
2023-01-09,9.91975,10.29058,9.641620000000001,9.82704,1817522.0
2023-01-10,9.91975,10.66141,9.54892,10.47599,5768623.0
2023-01-11,10.47599,10.75412,10.19787,10.29058,2297184.0
2023-01-12,10.29058,10.568700000000002,10.10516,10.47599,2513083.0
2023-01-13,10.47599,10.75412,10.29058,10.29058,2087961.0
2023-01-16,10.47599,11.12495,10.47599,10.84683,3661504.0
2023-01-17,10.939530000000001,11.58849,10.84683,11.49578,3183788.0
2023-01-18,11.49578,11.58849,11.21766,11.40307,2300817.0
2023-01-19,11.40307,11.40307,11.12495,11.40307,2448535.0
2023-01-27,11.40307,11.95932,11.31037,11.49578,3314239.0
2023-01-30,11.49578,11.866610000000001,11.21766,11.31037,3916014.0
2023-01-31,11.31037,11.6812,11.03224,11.58849,3410049.0
2023-02-01,11.58849,11.773909999999999,10.38329,10.75412,3673841.0
2023-02-02,10.75412,11.03224,10.10516,10.66141,3068522.0
2023-02-03,10.75412,11.21766,10.568700000000002,10.939530000000001,2893727.0
2023-02-06,10.84683,10.939530000000001,10.568700000000002,10.84683,995211.0
2023-02-07,10.84683,10.939530000000001,10.012459999999999,10.012459999999999,3214084.0
2023-02-08,10.012459999999999,10.568700000000002,9.641620000000001,10.19787,3261873.0
2023-02-09,10.29058,10.38329,10.012459999999999,10.012459999999999,1104073.0
2023-02-10,10.012459999999999,10.29058,9.82704,9.91975,2144108.0
2023-02-13,9.91975,9.91975,9.17808,9.54892,2853751.0
2023-02-14,9.456209999999999,9.73433,9.456209999999999,9.641620000000001,1008047.0
2023-02-15,9.641620000000001,10.47599,9.54892,10.47599,4457209.0
2023-02-16,10.47599,10.66141,10.29058,10.568700000000002,2120592.0
2023-02-17,10.47599,10.84683,10.29058,10.75412,4384301.0
2023-02-20,10.75412,11.03224,10.75412,11.03224,2919586.0
2023-02-21,11.03224,11.58849,10.84683,11.12495,7113109.0
2023-02-22,11.12495,11.31037,10.568700000000002,10.66141,5599689.0
2023-02-23,10.66141,10.84683,10.10516,10.75412,4172089.0
2023-02-24,10.75412,10.75412,10.19787,10.38329,1806341.0
2023-02-27,10.47599,10.47599,9.82704,9.91975,2156038.0
2023-02-28,10.10516,10.19787,9.82704,9.91975,1395766.0
2023-03-01,9.91975,10.568700000000002,9.82704,10.568700000000002,2391914.0
2023-03-02,10.568700000000002,10.75412,10.29058,10.38329,1216584.0
2023-03-03,10.29058,10.66141,10.19787,10.38329,2246664.0
2023-03-06,10.66141,10.66141,10.29058,10.38329,1459228.0
2023-03-07,10.38329,10.47599,10.19787,10.38329,1697924.0
2023-03-08,10.29058,10.75412,10.10516,10.66141,3618708.0
2023-03-09,10.66141,10.84683,10.568700000000002,10.66141,1961765.0
2023-03-10,10.75412,10.75412,10.38329,10.47599,2456273.0
2023-03-13,10.38329,10.38329,10.10516,10.29058,2670433.0
2023-03-14,10.19787,10.29058,9.73433,9.91975,3256492.0
2023-03-15,10.10516,10.38329,10.10516,10.38329,2082081.0
2023-03-16,10.29058,10.29058,9.91975,10.10516,958610.0
2023-03-17,10.19787,10.29058,10.012459999999999,10.012459999999999,858369.0
2023-03-20,10.012459999999999,10.29058,9.641620000000001,9.91975,2669595.0
2023-03-21,9.91975,10.012459999999999,9.54892,9.91975,1406333.0
2023-03-22,9.91975,10.012459999999999,9.641620000000001,9.641620000000001,1905641.0
2023-03-23,9.81136,10.00004,9.71702,10.00004,1248924.0
2023-03-24,10.00004,10.283059999999999,9.905700000000001,10.18872,1669352.0
2023-03-27,10.18872,10.283059999999999,10.00004,10.18872,1308086.0
2023-03-28,10.283059999999999,10.47174,10.18872,10.283059999999999,1984574.0
2023-03-29,10.283059999999999,10.3774,10.09438,10.18872,830714.0
2023-03-30,10.283059999999999,10.47174,10.18872,10.283059999999999,1594639.0
2023-03-31,10.283059999999999,10.3774,10.09438,10.18872,1024020.0
2023-04-03,10.18872,11.13212,10.18872,11.037780000000001,7924149.0
2023-04-04,11.037780000000001,11.50948,11.037780000000001,11.41514,7008624.0
2023-04-05,11.320799999999998,11.41514,11.037780000000001,11.320799999999998,3600496.0
2023-04-06,11.41514,11.603819999999999,11.13212,11.320799999999998,4384856.0
2023-04-07,11.320799999999998,11.41514,11.037780000000001,11.41514,2890027.0
2023-04-10,11.22646,11.603819999999999,11.13212,11.22646,3779795.0
2023-04-11,11.320799999999998,11.320799999999998,11.037780000000001,11.320799999999998,1853916.0
2023-04-12,11.320799999999998,12.075520000000001,11.22646,11.98118,9228111.0
2023-04-13,12.16986,12.16986,11.7925,11.98118,2512574.0
2023-04-14,11.88684,11.98118,11.22646,11.320799999999998,4754109.0
2023-04-17,11.41514,11.50948,11.037780000000001,11.41514,2434575.0
2023-04-18,11.41514,11.7925,11.22646,11.603819999999999,2704630.0
2023-04-19,11.69816,11.69816,11.320799999999998,11.320799999999998,1623010.0
2023-04-20,11.41514,11.50948,11.13212,11.320799999999998,1696978.0
2023-04-21,11.320799999999998,11.41514,11.13212,11.320799999999998,2242522.0
2023-04-24,11.320799999999998,11.41514,11.13212,11.320799999999998,1578402.0
2023-04-25,11.320799999999998,11.320799999999998,10.8491,10.94344,2422453.0
2023-04-26,10.94344,11.037780000000001,10.66042,11.037780000000001,2840982.0
2023-04-27,11.13212,11.13212,10.754760000000001,10.94344,2027823.0
2023-04-28,10.94344,11.13212,10.8491,10.94344,3052086.0
2023-05-04,10.94344,11.69816,10.94344,11.69816,4916525.0
2023-05-05,11.50948,11.69816,11.320799999999998,11.41514,2201964.0
2023-05-08,11.41514,11.603819999999999,11.320799999999998,11.41514,3187711.0
2023-05-09,11.41514,11.7925,11.13212,11.50948,9218765.0
2023-05-10,11.603819999999999,12.2642,11.41514,12.075520000000001,7467854.0
2023-05-11,12.075520000000001,12.358540000000001,11.98118,12.075520000000001,3447680.0
2023-05-12,12.075520000000001,12.735899999999999,11.98118,12.54722,6097874.0
2023-05-15,12.54722,12.64156,12.075520000000001,12.16986,4225499.0
2023-05-16,12.16986,12.54722,12.075520000000001,12.2642,3291268.0
2023-05-17,12.452879999999999,12.452879999999999,11.88684,11.98118,3372890.0
2023-05-18,11.98118,12.16986,11.88684,11.88684,2081601.0
2023-05-19,11.98118,12.2642,11.7925,12.16986,2885831.0
2023-05-22,12.16986,12.92458,12.075520000000001,12.64156,3836466.0
2023-05-23,12.735899999999999,12.92458,12.358540000000001,12.452879999999999,2479842.0
2023-05-24,12.54722,12.64156,12.2642,12.452879999999999,3115657.0
2023-05-25,12.452879999999999,12.735899999999999,12.2642,12.452879999999999,2663266.0
2023-05-26,12.452879999999999,12.735899999999999,12.358540000000001,12.54722,2251716.0
2023-05-29,12.54722,12.83024,12.452879999999999,12.83024,2476050.0
2023-05-30,12.92458,13.01892,12.64156,13.01892,3495305.0
2023-05-31,13.01892,13.01892,12.64156,12.735899999999999,2404851.0
2023-06-01,12.64156,12.735899999999999,12.452879999999999,12.64156,3671734.0
2023-06-02,12.64156,12.83024,12.64156,12.735899999999999,2363956.0
2023-06-05,12.735899999999999,12.92458,12.54722,12.64156,2388358.0
2023-06-06,12.64156,12.83024,12.54722,12.83024,2477876.0
2023-06-07,12.735899999999999,13.01892,12.735899999999999,12.92458,2764469.0
2023-06-08,12.92458,13.01892,12.54722,12.64156,2960004.0
2023-06-09,12.54722,12.735899999999999,12.2642,12.452879999999999,3722792.0
2023-06-12,12.452879999999999,12.64156,12.358540000000001,12.54722,1905087.0
2023-06-13,12.54722,12.64156,12.358540000000001,12.452879999999999,1789136.0
2023-06-14,12.452879999999999,12.64156,12.2642,12.358540000000001,1948526.0
2023-06-15,12.358540000000001,12.452879999999999,12.075520000000001,12.16986,2611953.0
2023-06-16,12.16986,12.452879999999999,11.50948,12.16986,5752382.0
2023-06-19,12.16986,12.64156,12.16986,12.452879999999999,2760879.0
2023-06-20,12.358540000000001,12.83024,12.2642,12.83024,4283188.0
2023-06-21,12.83024,13.207600000000001,12.735899999999999,13.11326,7328859.0
2023-06-22,13.207600000000001,13.490620000000002,13.01892,13.207600000000001,6301195.0
2023-06-23,13.30194,13.30194,12.92458,13.01892,3772082.0
2023-06-26,13.01892,13.207600000000001,12.735899999999999,13.11326,3705157.0
2023-06-27,13.01892,13.207600000000001,12.92458,13.11326,2832971.0
2023-06-28,13.207600000000001,13.30194,13.01892,13.01892,2745682.0
2023-06-29,13.11326,13.11326,12.735899999999999,12.83024,3602604.0
2023-06-30,12.83024,12.92458,12.735899999999999,12.83024,1861771.0
2023-07-03,12.83024,13.11326,12.735899999999999,13.01892,1808698.0
2023-07-04,13.01892,13.11326,12.83024,13.11326,2281731.0
2023-07-05,13.11326,13.6793,13.11326,13.39628,5273195.0
2023-07-06,13.490620000000002,13.490620000000002,13.01892,13.11326,3571885.0
2023-07-07,13.11326,13.39628,12.92458,13.39628,3244814.0
2023-07-10,13.39628,13.6793,13.30194,13.490620000000002,3566618.0
2023-07-11,13.584959999999999,13.6793,13.30194,13.490620000000002,3487393.0
2023-07-12,13.490620000000002,13.6793,13.30194,13.39628,2837612.0
2023-07-13,13.490620000000002,13.584959999999999,13.39628,13.584959999999999,3071325.0
2023-07-14,13.584959999999999,13.96232,13.39628,13.773639999999999,6241019.0
2023-07-17,13.6793,13.86798,13.490620000000002,13.6793,1985024.0
2023-07-18,13.6793,13.773639999999999,13.39628,13.490620000000002,3487116.0
2023-07-19,13.584959999999999,13.6793,13.30194,13.490620000000002,3324791.0
2023-07-20,13.490620000000002,13.490620000000002,13.30194,13.490620000000002,1943279.0
2023-07-21,13.490620000000002,13.6793,13.39628,13.6793,2806217.0
2023-07-24,13.6793,14.151,13.490620000000002,13.96232,6643351.0
2023-07-25,13.96232,14.056659999999999,13.584959999999999,13.773639999999999,2882622.0
2023-07-26,13.773639999999999,13.773639999999999,13.584959999999999,13.6793,1926588.0
2023-07-27,13.6793,13.773639999999999,13.39628,13.584959999999999,3322895.0
2023-07-28,13.584959999999999,13.773639999999999,13.490620000000002,13.6793,3038602.0
2023-07-31,13.6793,13.6793,13.39628,13.39628,3005956.0
2023-08-01,13.490620000000002,13.6793,13.207600000000001,13.30194,6322141.0
2023-08-02,13.30194,13.490620000000002,13.207600000000001,13.490620000000002,1913898.0
2023-08-03,13.490620000000002,13.96232,13.39628,13.6793,7603349.0
2023-08-04,13.6793,15.28308,13.490620000000002,14.81138,15129401.0
2023-08-07,14.905719999999999,15.28308,14.6227,14.905719999999999,5157372.0
2023-08-08,15.00006,15.00006,14.528360000000001,14.6227,5686703.0
2023-08-09,14.6227,14.81138,14.33968,14.71704,4491040.0
2023-08-10,14.71704,14.905719999999999,14.33968,14.43402,3605168.0
2023-08-11,14.43402,14.6227,13.86798,14.33968,5440703.0
2023-08-14,14.151,14.81138,14.151,14.71704,3110016.0
2023-08-15,14.6227,14.81138,14.43402,14.6227,2203110.0
2023-08-16,14.71704,14.71704,14.43402,14.528360000000001,2545696.0
2023-08-17,14.528360000000001,14.905719999999999,14.43402,14.6227,4648303.0
2023-08-18,14.6227,14.6227,12.92458,13.30194,7212813.0
2023-08-21,13.207600000000001,13.6793,12.83024,13.39628,3280372.0
2023-08-22,13.39628,13.584959999999999,12.64156,13.39628,3915064.0
2023-08-23,13.39628,13.86798,13.39628,13.39628,2076161.0
2023-08-24,13.490620000000002,13.86798,13.39628,13.773639999999999,2961828.0
2023-08-25,13.86798,14.33968,13.773639999999999,13.96232,4861294.0
2023-08-28,13.96232,14.33968,13.86798,14.151,2786240.0
2023-08-29,14.151,14.151,13.773639999999999,13.773639999999999,3177906.0
2023-08-30,14.7,14.7,14.0,14.2,1868468.0
2023-08-31,14.2,14.5,14.1,14.4,2303161.0
2023-09-05,14.4,14.8,14.4,14.6,3359006.0
2023-09-06,14.6,14.9,14.5,14.8,4399700.0
2023-09-07,14.8,15.2,14.7,14.9,5347750.0
2023-09-08,14.9,15.0,14.7,14.8,2402218.0
2023-09-11,14.9,15.0,14.3,14.4,4161415.0
2023-09-12,14.5,14.8,14.3,14.7,3002059.0
2023-09-13,14.8,15.6,14.7,15.3,12881874.0
2023-09-14,15.4,15.5,14.9,15.1,3898729.0
2023-09-15,15.1,15.3,14.7,15.0,3358016.0
2023-09-18,15.0,15.1,14.6,14.8,2523888.0
2023-09-19,14.8,15.0,14.2,14.6,3363381.0
2023-09-20,14.6,14.8,14.4,14.8,1889190.0
2023-09-21,14.9,15.2,14.6,14.6,3714197.0
2023-09-22,14.6,14.6,13.5,13.9,5310165.0
2023-09-25,14.0,14.1,12.7,13.0,4432352.0
2023-09-26,13.3,13.3,12.7,12.8,3063947.0
2023-09-27,12.7,13.0,12.2,13.0,2878957.0
2023-09-28,12.9,13.0,12.5,12.8,1278283.0
2023-09-29,12.7,13.0,12.7,12.9,1411164.0
2023-10-02,12.9,13.3,12.9,13.2,2283980.0
2023-10-03,13.0,13.4,12.3,12.5,3528912.0
2023-10-04,12.6,12.7,12.0,12.7,1827674.0
2023-10-05,12.6,12.8,12.2,12.4,1492425.0
2023-10-06,12.4,12.6,12.2,12.6,1606344.0
2023-10-09,12.6,12.7,12.4,12.7,1297988.0
2023-10-10,12.8,13.0,12.6,12.7,1570512.0
2023-10-11,12.8,13.0,12.6,13.0,1905514.0
2023-10-12,13.0,13.2,12.8,13.0,1681110.0
2023-10-13,12.9,13.0,12.6,12.9,1745967.0
2023-10-16,12.9,13.0,12.6,12.8,1089125.0
2023-10-17,13.0,13.0,12.1,12.2,1626222.0
2023-10-18,12.5,12.5,11.1,11.9,2916193.0
2023-10-19,11.8,11.9,11.1,11.2,1491103.0
2023-10-20,11.4,11.7,10.9,11.7,2162995.0
2023-10-23,11.4,11.7,11.3,11.5,783871.0
2023-10-24,11.5,11.7,11.3,11.7,911478.0
2023-10-25,11.5,11.7,11.4,11.5,819708.0
2023-10-26,11.5,11.5,10.0,10.6,3408894.0
2023-10-27,10.6,10.7,10.2,10.7,1158294.0
2023-10-30,10.5,10.7,10.1,10.2,908474.0
2023-10-31,10.2,10.4,9.6,9.8,1628675.0
2023-11-01,9.9,10.0,9.6,10.0,1031286.0
2023-11-02,10.0,10.8,10.0,10.7,1865714.0
2023-11-03,10.8,11.1,10.7,10.8,1666129.0
2023-11-06,10.8,11.0,10.6,10.9,923344.0
2023-11-07,10.9,11.0,10.7,10.8,958060.0
2023-11-08,10.9,11.8,10.7,11.7,3206770.0
2023-11-09,11.8,12.0,11.6,11.7,1990273.0
2023-11-10,11.8,12.1,11.5,11.8,3378275.0
2023-11-13,11.8,11.9,11.5,11.8,949717.0
2023-11-14,11.8,12.0,11.6,11.9,1508235.0
2023-11-15,11.9,12.2,11.7,11.8,2333758.0
2023-11-16,11.9,12.0,11.7,12.0,910659.0
2023-11-17,11.8,12.1,11.6,11.7,2601410.0
2023-11-20,11.7,11.7,11.1,11.6,1691841.0
2023-11-21,11.6,11.7,11.5,11.7,1037640.0
2023-11-22,11.8,12.0,11.7,11.9,1934986.0
2023-11-23,11.9,12.1,11.4,11.5,2270574.0
2023-11-24,11.6,11.7,11.2,11.7,1888595.0
2023-11-27,11.7,11.8,11.4,11.5,616966.0
2023-11-28,11.5,11.7,11.4,11.6,1086300.0
2023-11-29,11.6,11.7,11.5,11.6,656524.0
2023-11-30,11.6,11.8,11.5,11.7,1205564.0
2023-12-01,11.7,11.9,11.6,11.8,1242862.0
2023-12-04,11.9,12.5,11.8,12.3,3856048.0
2023-12-05,12.5,12.5,12.2,12.4,2426988.0
2023-12-06,12.4,12.7,12.4,12.6,2140727.0
2023-12-07,12.6,12.7,12.0,12.3,2980893.0
2023-12-08,12.3,12.4,12.0,12.2,1629372.0
2023-12-11,12.2,12.3,12.0,12.2,838489.0
2023-12-12,12.2,12.3,12.1,12.2,894912.0
2023-12-13,12.3,12.4,12.0,12.1,1572485.0
2023-12-14,12.2,12.3,11.9,11.9,1321979.0
2023-12-15,12.0,12.0,11.8,11.9,1221288.0
2023-12-18,11.9,12.0,11.6,11.6,760147.0
2023-12-19,11.7,11.8,11.5,11.8,807243.0
2023-12-20,11.7,11.9,11.6,11.8,539751.0
2023-12-21,11.8,11.8,11.6,11.8,475833.0
2023-12-22,11.6,11.8,11.6,11.6,712442.0
2023-12-25,11.7,11.8,11.6,11.8,851458.0
2023-12-26,11.8,12.0,11.7,11.9,852777.0
2023-12-27,11.9,11.9,11.7,11.8,654431.0
2023-12-28,11.8,11.8,11.7,11.8,459191.0
2023-12-29,11.7,11.9,11.7,11.7,714497.0
2024-01-02,11.8,12.0,11.7,11.8,879089.0
2024-01-03,11.8,12.2,11.7,12.2,2590109.0
2024-01-04,12.2,12.2,11.9,12.0,1487678.0
2024-01-05,12.0,12.1,11.9,12.0,809900.0
2024-01-08,12.0,12.2,11.9,12.1,1838568.0
2024-01-09,12.0,12.1,11.9,12.0,1020614.0
2024-01-10,12.0,12.0,11.7,11.8,1137334.0
2024-01-11,11.8,11.9,11.7,11.9,835369.0
2024-01-12,11.9,11.9,11.5,11.6,1447146.0
2024-01-15,11.7,11.8,11.5,11.5,619729.0
2024-01-16,11.5,11.7,11.4,11.7,797738.0
2024-01-17,11.7,11.8,11.6,11.7,602356.0
2024-01-18,11.6,11.8,11.6,11.7,446840.0
2024-01-19,11.7,11.8,11.6,11.7,711029.0
2024-01-22,11.7,11.8,11.5,11.7,664974.0
2024-01-23,11.7,11.9,11.7,11.8,847382.0
2024-01-24,11.8,11.8,11.6,11.7,373614.0
2024-01-25,11.7,11.8,11.6,11.7,300424.0
2024-01-26,11.7,11.7,11.6,11.7,577593.0
2024-01-29,11.6,11.7,11.5,11.6,508618.0
2024-01-30,11.6,11.7,11.5,11.7,736562.0
2024-01-31,11.6,11.8,11.4,11.6,1050747.0
2024-02-01,11.6,11.6,11.4,11.5,637861.0
2024-02-02,11.5,11.7,11.5,11.6,720523.0
2024-02-05,11.6,11.6,11.5,11.5,493508.0
2024-02-06,11.5,11.6,11.4,11.6,703727.0
2024-02-07,11.6,11.6,11.4,11.5,511455.0
2024-02-15,11.5,11.7,11.5,11.7,634664.0
2024-02-16,11.7,11.7,11.6,11.7,754533.0
2024-02-19,11.7,11.8,11.6,11.8,1106674.0
2024-02-20,11.8,12.0,11.7,11.9,1220016.0
2024-02-21,11.9,11.9,11.7,11.8,562114.0
2024-02-22,11.8,12.0,11.4,11.7,4056426.0
2024-02-23,11.7,11.8,11.5,11.5,1511197.0
2024-02-26,11.5,11.7,11.4,11.7,1577243.0
2024-02-27,11.7,11.7,11.5,11.7,1269728.0
2024-02-28,11.7,11.7,11.5,11.6,696164.0
2024-02-29,11.6,11.7,11.4,11.5,1020934.0
2024-03-01,11.5,11.9,11.4,11.8,2574175.0
2024-03-04,11.7,11.9,11.7,11.8,1599719.0
2024-03-05,11.9,11.9,11.7,11.8,1267387.0
2024-03-06,11.8,11.9,11.5,11.6,1582204.0
2024-03-07,11.6,11.7,11.5,11.6,1089702.0
2024-03-08,11.6,11.7,11.4,11.5,1173359.0
2024-03-11,11.5,11.5,11.3,11.3,1087430.0
2024-03-12,11.3,11.4,11.3,11.4,1033040.0
2024-03-13,11.4,11.5,11.3,11.5,1250859.0
2024-03-14,11.5,11.6,11.3,11.5,1140129.0
2024-03-15,11.5,11.6,11.3,11.5,1184210.0
2024-03-18,11.4,11.6,11.0,11.3,1891351.0
2024-03-19,11.4,11.4,11.2,11.3,732651.0
2024-03-20,11.3,11.5,11.2,11.5,3062314.0
2024-03-21,11.5,11.5,11.3,11.5,1027672.0
2024-03-22,11.5,11.6,11.3,11.5,1408125.0
2024-03-25,11.5,11.8,11.4,11.6,2434556.0
2024-03-26,11.6,11.7,11.5,11.6,945131.0
2024-03-27,11.6,11.8,11.5,11.7,1959583.0
2024-03-28,11.7,11.8,11.5,11.7,959757.0
2024-03-29,11.7,11.7,11.4,11.4,1265012.0
2024-04-01,11.4,11.6,11.3,11.5,814876.0
2024-04-02,11.5,11.5,11.3,11.4,1068112.0
2024-04-03,11.4,11.7,11.4,11.6,2632544.0
2024-04-04,11.6,11.6,11.3,11.4,861608.0
2024-04-05,11.4,11.4,11.2,11.3,1836067.0
2024-04-08,11.3,11.3,11.0,11.1,1241502.0
2024-04-09,11.1,11.2,11.0,11.2,932226.0
2024-04-10,11.2,11.2,11.0,11.0,643074.0
2024-04-11,11.0,11.0,10.8,10.9,1364579.0
2024-04-12,10.9,11.1,10.8,11.0,747896.0
2024-04-15,11.0,11.1,9.9,10.1,1964534.0
2024-04-16,10.2,10.3,9.5,10.1,2242705.0
2024-04-17,10.0,10.2,9.7,9.8,859089.0
2024-04-19,9.8,9.9,9.4,9.5,1219142.0
2024-04-22,9.6,9.9,9.5,9.7,576620.0
2024-04-23,9.8,9.8,9.5,9.5,549517.0
2024-04-24,9.6,9.8,9.5,9.7,739340.0
2024-04-25,9.8,9.8,9.6,9.7,309989.0
2024-04-26,9.6,9.7,9.5,9.6,352078.0
2024-05-02,9.6,9.8,9.6,9.8,426070.0
2024-05-03,9.8,9.9,9.6,9.7,305320.0
2024-05-06,9.7,9.9,9.7,9.9,696005.0
2024-05-07,9.8,10.0,9.8,10.0,503071.0
2024-05-08,10.0,10.0,9.7,9.9,616275.0
2024-05-09,9.8,10.0,9.7,9.9,410293.0
2024-05-10,9.8,9.9,9.6,9.8,547416.0
2024-05-13,9.7,9.9,9.7,9.8,600434.0
2024-05-14,9.8,10.0,9.7,9.8,722364.0
2024-05-15,9.9,9.9,9.8,9.9,675497.0
2024-05-16,9.9,10.2,9.9,10.1,1223733.0
2024-05-17,10.2,10.2,10.0,10.1,604081.0
2024-05-20,10.1,10.2,9.9,10.1,676200.0
2024-05-21,10.1,10.1,9.8,10.0,638377.0
2024-05-22,9.9,10.2,9.9,10.2,1442930.0
2024-05-23,10.1,10.7,10.1,10.6,2807945.0
2024-05-24,10.7,10.8,10.1,10.4,1211024.0
2024-05-27,10.4,10.5,10.1,10.2,776450.0
2024-05-28,10.3,10.4,10.2,10.4,860541.0
2024-05-29,10.4,10.4,10.1,10.3,863661.0
2024-05-30,10.2,10.6,10.1,10.5,1521856.0
2024-05-31,10.5,10.5,10.2,10.4,639592.0
2024-06-03,10.4,10.5,10.3,10.5,839305.0
2024-06-04,10.5,10.5,10.3,10.3,679503.0
2024-06-05,10.4,10.4,10.2,10.2,959555.0
2024-06-06,10.2,10.4,10.1,10.3,657370.0
2024-06-07,10.3,10.3,10.1,10.2,600838.0
2024-06-10,10.2,10.3,10.1,10.2,695914.0
2024-06-11,10.2,10.2,9.9,10.0,1317467.0
2024-06-12,10.0,10.1,9.9,10.1,662673.0
2024-06-13,10.1,10.2,10.0,10.1,832709.0
2024-06-14,10.2,10.2,9.9,9.9,1177485.0
2024-06-17,9.9,10.0,9.8,9.8,549358.0
2024-06-18,9.9,10.0,9.8,9.9,479678.0
2024-06-19,9.9,10.0,9.8,9.9,583377.0
2024-06-20,9.8,9.9,9.7,9.8,660706.0
2024-06-21,9.8,10.0,9.8,10.0,739186.0
2024-06-24,9.9,10.6,9.9,10.4,4168246.0
2024-06-25,10.4,10.5,10.2,10.3,822253.0
2024-06-26,10.3,10.4,10.0,10.1,1605478.0
2024-06-27,10.1,10.1,9.8,9.9,1222050.0
2024-06-28,9.9,10.0,9.6,9.8,1568178.0
2024-07-01,9.8,9.9,9.7,9.9,680982.0
2024-07-02,9.9,9.9,9.8,9.9,392515.0
2024-07-03,9.9,10.0,9.8,9.9,350542.0
2024-07-04,9.9,10.0,9.8,10.0,602474.0
2024-07-05,10.0,10.0,9.8,9.9,386866.0
2024-07-08,9.9,10.0,9.8,9.8,753612.0
2024-07-09,9.8,9.9,9.8,9.9,677920.0
2024-07-10,9.9,10.0,9.8,9.8,300870.0
2024-07-11,9.9,10.0,9.8,9.8,621334.0
2024-07-12,9.9,10.0,9.8,9.9,578098.0
2024-07-15,9.9,9.9,9.8,9.8,296302.0
2024-07-16,9.8,9.9,9.7,9.8,472861.0
2024-07-17,9.8,9.9,9.5,9.7,814197.0
2024-07-18,9.7,9.7,9.5,9.7,565302.0
2024-07-19,9.7,9.7,9.4,9.5,793215.0
2024-07-22,9.5,9.5,9.2,9.3,724651.0
2024-07-23,9.3,9.3,9.0,9.1,612195.0
2024-07-24,9.2,9.2,9.0,9.1,407669.0
2024-07-25,9.1,9.2,9.0,9.2,268583.0
2024-07-26,9.2,9.5,9.2,9.4,667400.0
2024-07-29,9.6,9.7,9.4,9.5,454000.0
2024-07-30,9.5,9.5,9.3,9.4,412800.0
2024-07-31,9.4,9.4,9.3,9.4,270600.0
2024-08-01,9.4,9.5,9.0,9.0,646000.0
2024-08-02,9.1,9.2,8.9,9.1,741200.0
2024-08-05,9.1,9.1,8.6,8.6,856600.0
2024-08-06,8.7,9.0,8.6,8.9,538600.0
2024-08-07,8.9,9.0,8.8,8.9,302000.0
2024-08-08,8.9,9.4,8.8,9.2,971800.0
2024-08-09,9.2,9.3,9.1,9.2,162000.0
2024-08-12,9.2,9.4,9.1,9.3,563200.0
2024-08-13,9.3,9.3,9.1,9.2,164700.0
2024-08-14,9.2,9.2,9.0,9.1,242700.0
2024-08-15,9.1,9.3,8.9,9.1,464000.0
2024-08-16,9.2,9.4,9.1,9.4,573900.0
2024-08-19,9.4,9.5,9.2,9.4,600700.0
2024-08-20,9.4,9.5,9.3,9.5,664000.0
2024-08-21,9.4,9.7,9.4,9.6,1023500.0
2024-08-22,9.6,9.7,9.3,9.4,419600.0
2024-08-23,9.5,9.5,9.3,9.4,503400.0
2024-08-26,9.3,9.5,9.3,9.4,420400.0
2024-08-27,9.4,9.4,9.3,9.4,384500.0
2024-08-28,9.3,9.4,9.2,9.3,240200.0
2024-08-29,9.3,9.3,9.1,9.1,770100.0
2024-08-30,9.2,9.2,9.0,9.1,1061300.0
2024-09-04,9.1,9.2,9.0,9.1,1395800.0
2024-09-05,9.2,9.2,8.9,9.0,770800.0
2024-09-06,9.0,9.1,8.8,9.0,1907500.0
2024-09-09,9.0,9.0,8.8,8.9,320400.0
2024-09-10,8.9,9.0,8.8,8.9,290500.0
2024-09-11,8.9,8.9,8.8,8.9,376000.0
2024-09-12,8.8,9.0,8.8,8.8,163800.0
2024-09-13,9.0,9.0,8.8,9.0,279200.0
2024-09-16,9.0,9.1,8.8,8.9,385700.0
2024-09-17,9.0,9.0,8.9,9.0,307400.0
2024-09-18,9.0,9.0,8.9,9.0,272200.0
2024-09-19,9.0,9.0,8.9,9.0,244800.0
2024-09-20,8.9,9.1,8.9,8.9,331200.0
2024-09-23,8.9,9.0,8.9,9.0,207700.0
2024-09-24,8.9,9.0,8.9,9.0,178200.0
2024-09-25,9.0,9.1,8.9,9.0,602400.0
2024-09-26,9.0,9.1,8.9,9.1,403800.0
2024-09-27,9.1,9.1,8.9,9.1,516900.0
2024-09-30,9.0,9.1,8.9,9.0,393000.0
2024-10-01,8.9,9.1,8.9,9.0,620400.0
2024-10-02,9.0,9.0,8.9,9.0,145400.0
2024-10-03,9.0,9.0,8.8,8.9,589900.0
2024-10-04,8.9,8.9,8.8,8.8,288100.0
2024-10-07,8.9,8.9,8.7,8.8,750900.0
2024-10-08,8.8,8.9,8.7,8.9,207200.0
2024-10-09,8.8,8.9,8.8,8.8,145500.0
2024-10-10,8.8,8.9,8.7,8.8,187700.0
2024-10-11,8.8,8.9,8.7,8.7,111400.0
2024-10-14,8.7,8.8,8.6,8.7,519200.0
2024-10-15,8.7,8.8,8.6,8.7,509800.0
2024-10-16,8.7,8.7,8.6,8.6,259600.0
2024-10-17,8.7,8.7,8.6,8.6,356500.0
2024-10-18,8.6,8.7,8.6,8.6,150800.0
2024-10-21,8.6,8.6,8.5,8.6,195500.0
2024-10-22,8.6,8.6,8.4,8.5,432700.0
2024-10-23,8.5,8.5,8.3,8.5,471800.0
2024-10-24,8.4,8.6,8.4,8.5,236300.0
2024-10-25,8.4,8.5,8.3,8.4,344400.0
2024-10-28,8.4,8.5,8.4,8.4,114800.0
2024-10-29,8.4,8.6,8.4,8.5,228300.0
2024-10-30,8.6,8.7,8.5,8.7,380900.0
2024-10-31,8.6,8.7,8.5,8.5,247300.0
2024-11-01,8.6,8.6,8.4,8.4,240000.0
2024-11-04,8.4,8.5,8.3,8.4,178400.0
2024-11-05,8.4,8.4,8.3,8.3,211300.0
2024-11-06,8.3,8.4,8.2,8.4,270700.0
2024-11-07,8.4,8.4,8.3,8.3,224000.0
2024-11-08,8.4,8.4,8.2,8.2,164300.0
2024-11-11,8.3,8.3,7.9,8.0,1050000.0
2024-11-12,8.1,8.2,8.0,8.2,251500.0
2024-11-13,8.1,8.1,7.9,8.1,329800.0
2024-11-14,8.0,8.1,7.9,8.0,246300.0
2024-11-15,7.9,7.9,7.7,7.8,668700.0
2024-11-18,7.8,7.8,7.6,7.8,592900.0
2024-11-19,7.7,7.8,7.6,7.7,263300.0
2024-11-20,7.6,7.7,7.4,7.7,362300.0
2024-11-21,7.6,7.7,7.5,7.6,175700.0
2024-11-22,7.6,7.7,7.5,7.6,286600.0
2024-11-25,7.6,7.7,7.5,7.7,201000.0
2024-11-26,7.5,7.8,7.5,7.7,236500.0
2024-11-27,7.8,7.8,7.6,7.7,239900.0
2024-11-28,7.8,7.8,7.6,7.7,107000.0
2024-11-29,7.7,7.7,7.6,7.6,294500.0
2024-12-02,7.6,8.0,7.6,8.0,881900.0
2024-12-03,7.9,8.0,7.8,7.9,251200.0
2024-12-04,7.8,8.0,7.8,7.9,373400.0
2024-12-05,7.9,8.0,7.7,8.0,400600.0
2024-12-06,8.0,8.1,7.8,7.9,474700.0
2024-12-09,7.8,8.0,7.8,7.9,324200.0
2024-12-10,7.9,8.1,7.8,8.0,635100.0
2024-12-11,8.0,8.0,7.9,8.0,233900.0
2024-12-12,8.0,8.0,7.8,7.9,217000.0
2024-12-13,7.9,7.9,7.8,7.8,201200.0
2024-12-16,7.8,7.9,7.7,7.9,183100.0
2024-12-17,7.9,7.9,7.8,7.8,87000.0
2024-12-18,7.9,7.9,7.7,7.9,259700.0
2024-12-19,7.9,7.9,7.6,7.8,553200.0
2024-12-20,7.7,7.8,7.7,7.7,181400.0
2024-12-23,7.7,7.8,7.7,7.7,248200.0
2024-12-24,7.7,7.8,7.7,7.8,225000.0
2024-12-25,7.7,8.4,7.7,8.2,1659200.0
2024-12-26,8.2,8.2,8.0,8.1,316200.0
2024-12-27,8.1,8.1,7.9,8.0,446700.0
2024-12-30,7.6,8.1,7.6,7.9,293500.0
2024-12-31,7.9,8.0,7.8,7.9,247500.0
2025-01-02,7.9,8.0,7.8,7.9,194700.0
2025-01-03,8.0,8.0,7.8,7.9,178000.0
2025-01-06,7.7,7.9,7.7,7.7,254900.0
2025-01-07,7.8,7.8,7.7,7.7,198600.0
2025-01-08,7.7,7.8,7.6,7.8,225200.0
2025-01-09,8.3,8.3,7.7,7.7,117900.0
2025-01-10,7.8,7.8,7.6,7.7,271800.0
2025-01-13,7.7,7.9,7.6,7.7,340800.0
2025-01-14,7.8,7.8,7.7,7.7,196800.0
2025-01-15,7.8,8.2,7.7,8.1,1547500.0
2025-01-16,8.1,8.2,8.0,8.0,261500.0
2025-01-17,8.0,8.1,7.9,8.1,730900.0
2025-01-20,8.1,8.3,8.0,8.2,461500.0
2025-01-21,8.2,8.2,8.0,8.1,237900.0
2025-01-22,8.3,8.3,7.9,8.0,316900.0
2025-01-23,7.9,8.0,7.8,8.0,737900.0
2025-01-24,7.9,8.0,7.8,8.0,283600.0
2025-02-03,8.0,8.1,7.9,8.0,456800.0
2025-02-04,8.1,8.5,8.0,8.5,2143900.0
2025-02-05,8.5,8.5,8.3,8.4,569000.0
2025-02-06,8.2,8.4,8.2,8.4,729100.0
2025-02-07,8.2,8.5,8.2,8.4,1061000.0
2025-02-10,8.4,8.6,8.4,8.5,1119900.0
2025-02-11,8.5,8.9,8.5,8.8,1586400.0
2025-02-12,8.8,9.0,8.6,8.8,1221000.0
2025-02-13,8.8,8.8,8.6,8.8,569800.0
2025-02-14,8.8,9.0,8.7,8.8,793900.0
2025-02-17,8.8,9.0,8.7,8.9,1265300.0
2025-02-18,8.9,8.9,8.7,8.9,901600.0
2025-02-19,8.9,8.9,8.7,8.9,838300.0
2025-02-20,8.8,8.9,8.7,8.9,934100.0
2025-02-21,8.8,9.3,8.7,9.1,1910600.0
2025-02-24,9.1,9.1,8.9,9.0,863100.0
2025-02-25,9.0,9.1,8.8,8.9,1245900.0
2025-02-26,8.9,8.9,8.7,8.7,967000.0
2025-02-27,8.8,8.8,8.6,8.8,796400.0
2025-02-28,8.8,8.8,8.7,8.8,495200.0
2025-03-03,8.8,8.8,8.5,8.6,1066600.0
2025-03-04,8.6,8.8,8.5,8.7,647800.0
2025-03-05,8.6,8.7,8.5,8.6,585500.0
2025-03-06,8.6,8.6,8.5,8.6,455800.0
2025-03-07,8.6,8.8,8.6,8.8,1023700.0
2025-03-10,8.8,8.8,8.6,8.8,1420100.0
2025-03-11,8.8,9.0,8.6,8.9,1110000.0
2025-03-12,8.8,8.9,8.7,8.7,419300.0
2025-03-13,8.8,8.8,8.4,8.5,992200.0
2025-03-14,8.4,8.6,8.4,8.6,655800.0
2025-03-17,8.5,8.6,8.4,8.5,780800.0
2025-03-18,8.6,8.7,8.4,8.6,613600.0
2025-03-19,8.6,8.6,8.5,8.5,464600.0
2025-03-20,8.5,8.6,8.4,8.6,387000.0
2025-03-21,8.5,8.6,8.5,8.5,296000.0
2025-03-24,8.5,8.6,8.4,8.5,924000.0
2025-03-25,8.5,8.6,8.4,8.5,523200.0
2025-03-26,8.5,8.5,8.4,8.5,301100.0
2025-03-27,8.4,8.5,8.3,8.4,447600.0
2025-03-28,8.4,8.4,8.2,8.3,459700.0
2025-03-31,8.3,8.4,8.2,8.3,311000.0
2025-04-01,8.3,8.4,8.2,8.3,265000.0
2025-04-02,8.0,8.4,8.0,8.2,767800.0
2025-04-03,8.2,8.2,7.0,7.1,3929800.0
2025-04-04,7.0,7.3,6.4,7.0,2085200.0
2025-04-08,6.8,6.9,5.9,6.0,2004800.0
2025-04-09,6.0,6.3,5.6,6.0,1552400.0
2025-04-10,6.7,6.7,6.7,6.7,204100.0
2025-04-11,7.7,7.7,6.9,7.3,1821100.0
2025-04-14,7.3,7.4,7.1,7.3,751300.0
2025-04-15,7.3,7.4,7.0,7.1,832600.0
2025-04-16,7.1,7.3,7.1,7.1,521000.0
2025-04-17,7.1,7.3,7.1,7.2,449000.0
2025-04-18,7.2,7.4,7.2,7.3,724800.0
2025-04-21,7.3,7.4,7.2,7.3,265700.0
2025-04-22,7.2,7.3,6.6,7.1,1216200.0
2025-04-23,7.2,7.3,7.1,7.2,437800.0
2025-04-24,7.2,7.3,7.1,7.2,267200.0
2025-04-25,7.1,7.4,7.1,7.3,767400.0
2025-04-28,7.3,7.4,7.2,7.2,449400.0
2025-04-29,7.2,7.3,7.1,7.3,474600.0
2025-05-05,7.3,7.3,7.2,7.3,241100.0
2025-05-06,7.3,7.4,7.2,7.3,654200.0
2025-05-07,7.3,7.3,7.1,7.2,1044500.0
2025-05-08,7.2,7.3,7.1,7.3,1678600.0
2025-05-09,7.3,7.4,7.2,7.2,793700.0
2025-05-12,7.2,7.2,7.0,7.2,993100.0
2025-05-13,7.2,7.3,7.1,7.3,583100.0
2025-05-14,7.2,7.3,7.1,7.2,730900.0
2025-05-15,7.3,7.4,7.2,7.4,1168100.0
2025-05-16,7.4,7.8,7.3,7.5,2005400.0
2025-05-19,7.5,7.7,7.4,7.4,754900.0
2025-05-20,7.2,7.5,7.2,7.3,823500.0
2025-05-21,7.4,7.6,7.2,7.6,1659500.0
2025-05-22,7.5,7.6,7.3,7.5,632000.0
2025-05-23,7.5,7.5,7.3,7.3,683800.0
2025-05-26,7.2,7.4,7.2,7.3,558400.0
2025-05-27,7.4,7.5,7.3,7.5,1144600.0
2025-05-28,7.5,7.8,7.5,7.7,1821900.0
2025-05-29,7.7,7.7,7.5,7.7,711000.0
2025-05-30,7.6,7.7,7.3,7.5,679000.0
2025-06-02,7.5,7.7,7.3,7.6,1087100.0
2025-06-03,7.5,8.2,7.5,8.1,3039800.0
2025-06-04,8.2,8.6,8.2,8.3,2383300.0
2025-06-05,8.4,8.8,8.3,8.5,2534700.0
2025-06-06,8.5,8.6,8.2,8.4,1796300.0
2025-06-09,8.4,8.4,7.9,8.0,1253300.0
2025-06-10,8.0,8.2,7.9,8.1,853600.0
2025-06-11,8.1,8.2,8.0,8.1,509200.0
2025-06-12,8.1,8.5,8.1,8.3,1412900.0
2025-06-13,8.3,8.3,8.0,8.1,1539100.0
2025-06-16,8.0,8.2,8.0,8.2,866000.0
2025-06-17,8.1,8.4,8.1,8.2,647100.0
2025-06-18,8.2,8.4,8.1,8.2,830700.0
2025-06-19,8.2,8.2,8.0,8.2,622700.0
2025-06-20,8.2,8.2,8.0,8.2,478200.0
2025-06-23,8.1,8.1,7.9,8.1,527200.0
2025-06-24,8.1,8.2,8.0,8.2,591300.0
2025-06-25,8.2,8.7,8.2,8.5,3299300.0
2025-06-26,8.5,8.5,8.3,8.5,978500.0
2025-06-27,8.5,8.5,8.2,8.3,1619600.0
2025-06-30,8.3,8.4,8.1,8.2,1529900.0
2025-07-01,8.2,8.6,8.1,8.2,1482500.0
2025-07-02,8.2,8.3,8.1,8.2,922300.0
2025-07-03,8.1,8.3,8.0,8.0,1157700.0
2025-07-04,8.1,8.2,8.1,8.2,736200.0
2025-07-07,8.2,8.2,8.1,8.2,693500.0
2025-07-08,8.2,8.4,8.2,8.4,1887600.0
2025-07-09,8.4,8.6,8.3,8.5,2652100.0
2025-07-10,8.5,8.6,8.3,8.4,1384500.0
2025-07-11,8.4,8.4,8.2,8.3,1368600.0
2025-07-14,8.3,8.4,8.1,8.4,1097000.0
2025-07-15,8.4,8.5,8.2,8.3,1328300.0
2025-07-16,8.3,9.0,8.2,8.7,4199900.0
2025-07-17,8.7,9.2,8.7,9.1,4657600.0
2025-07-18,9.0,9.1,8.6,8.9,2441700.0
2025-07-21,8.9,9.3,8.7,8.8,2147900.0
2025-07-22,8.7,8.9,8.6,8.8,1333400.0
2025-07-23,8.8,9.2,8.8,9.0,3083900.0
2025-07-24,8.8,9.0,8.8,8.9,1435500.0
2025-07-25,9.0,9.1,8.9,9.0,2173100.0
2025-07-28,9.0,9.3,9.0,9.3,3514000.0
2025-07-29,9.3,9.5,8.7,8.8,5393300.0
2025-07-30,8.6,9.1,8.6,8.9,1961600.0
2025-07-31,8.9,8.9,8.6,8.8,2251800.0
2025-08-01,8.8,9.1,8.6,8.9,1788800.0
2025-08-04,8.9,9.2,8.8,9.2,3006400.0
2025-08-05,8.9,9.5,8.9,9.2,5945400.0
2025-08-06,9.2,9.5,9.1,9.4,1920100.0
2025-08-07,9.4,9.5,9.2,9.5,5219000.0
2025-08-08,9.6,9.8,9.4,9.6,3970600.0
2025-08-11,9.6,10.3,9.6,10.0,5509100.0
2025-08-12,10.2,10.2,9.7,9.9,2965000.0
2025-08-13,9.9,10.1,9.5,9.9,3584700.0
2025-08-14,9.9,9.9,9.6,9.8,2195600.0
2025-08-15,9.8,9.8,9.3,9.5,4111700.0
2025-08-18,9.5,10.5,9.5,10.4,6467500.0
2025-08-19,10.4,10.9,10.2,10.6,5412800.0
2025-08-20,10.8,10.8,9.5,10.1,6133400.0
2025-08-21,10.3,10.3,9.7,9.7,2129300.0
2025-08-22,9.7,9.7,9.2,9.3,4155300.0
2025-08-25,9.3,9.5,8.8,9.0,3654400.0
2025-08-26,9.0,9.4,8.8,9.3,1826900.0
2025-08-27,9.3,9.5,9.1,9.2,1716500.0
2025-08-28,9.2,9.3,9.1,9.3,1278400.0
2025-08-29,9.3,9.4,9.1,9.3,2043400.0
2025-09-03,9.3,9.6,9.2,9.5,2777500.0
2025-09-04,9.5,9.7,9.4,9.7,3869400.0
2025-09-05,9.7,9.8,9.5,9.6,4309900.0
2025-09-08,8.2,9.6,8.2,9.2,2309500.0
2025-09-09,9.3,9.4,9.1,9.4,1198700.0
2025-09-10,9.3,9.6,9.3,9.4,1865500.0
2025-09-11,9.3,9.4,9.1,9.3,1212600.0
2025-09-12,9.2,9.7,9.2,9.5,1726400.0
2025-09-15,9.6,9.7,9.4,9.6,2146300.0
2025-09-16,10.1,10.1,9.3,9.5,5691200.0
2025-09-17,9.6,9.6,9.3,9.3,860100.0
2025-09-18,9.3,9.5,9.3,9.4,952200.0
2025-09-19,9.4,9.4,9.2,9.3,655700.0
2025-09-22,9.2,9.3,9.0,9.2,1672700.0
2025-09-23,9.3,9.3,9.1,9.2,557300.0
2025-09-24,9.2,9.4,9.1,9.3,857400.0
2025-09-25,9.3,9.6,9.3,9.5,2352400.0
2025-09-26,9.5,9.7,9.4,9.5,1915200.0
2025-09-29,9.5,9.7,9.4,9.5,1452700.0
2025-09-30,9.5,9.6,9.1,9.4,1544600.0
2025-10-01,9.4,9.4,9.2,9.3,405000.0
2025-10-02,9.2,9.4,9.1,9.2,804900.0
2025-10-03,9.2,9.2,9.0,9.0,845800.0
2025-10-06,9.1,9.4,9.0,9.3,815700.0
2025-10-07,9.2,9.4,9.1,9.2,753500.0
2025-10-08,9.3,9.4,9.0,9.2,943700.0
2025-10-09,9.2,9.2,9.1,9.1,490700.0
2025-10-10,9.2,9.4,9.1,9.2,706700.0
2025-10-13,9.2,9.2,8.4,9.1,1032800.0
2025-10-14,9.1,9.2,8.8,8.8,1362600.0
2025-10-15,8.8,8.9,8.5,8.7,1702700.0
2025-10-16,8.7,8.8,8.5,8.7,1316600.0
2025-10-17,8.7,8.8,8.6,8.7,546400.0
2025-10-20,8.7,8.7,7.5,8.4,2698600.0
2025-10-21,8.3,8.4,8.0,8.2,932200.0
2025-10-22,8.3,8.3,8.0,8.2,555800.0
2025-10-23,8.2,8.3,8.1,8.1,383800.0
2025-10-24,8.2,8.3,8.1,8.3,581200.0
2025-10-27,8.3,8.4,8.1,8.2,426800.0
2025-10-28,8.2,8.3,8.1,8.3,490400.0
2025-10-29,8.3,8.4,8.2,8.4,620600.0
2025-10-30,8.3,8.4,8.2,8.3,375600.0
2025-10-31,8.3,8.4,8.2,8.4,647500.0
2025-11-03,8.4,8.4,8.1,8.2,615600.0
2025-11-04,8.1,8.2,8.0,8.1,1053300.0
2025-11-05,8.2,8.2,8.1,8.1,317600.0
2025-11-06,8.1,8.2,8.1,8.1,255400.0
2025-11-07,8.1,8.2,8.0,8.2,983200.0
2025-11-10,8.2,8.4,8.1,8.2,1307000.0
2025-11-11,8.2,8.3,8.1,8.3,917300.0
2025-11-12,8.3,8.5,8.3,8.5,1382300.0
2025-11-13,8.5,8.6,8.4,8.5,975700.0
2025-11-14,8.5,8.6,8.4,8.5,1093900.0
2025-11-17,8.5,8.6,8.4,8.6,1282700.0
2025-11-18,8.5,8.5,8.4,8.5,944700.0
2025-11-19,8.5,8.5,8.3,8.5,899000.0
2025-11-20,8.5,8.5,8.3,8.3,167100.0
2025-11-21,8.4,8.4,8.3,8.3,648700.0
2025-11-24,8.3,8.4,8.3,8.4,596400.0
2025-11-25,8.4,8.4,8.2,8.2,762600.0
2025-11-26,8.3,8.4,8.3,8.3,719600.0
2025-11-27,8.4,8.6,8.4,8.4,1231000.0
2025-11-28,8.5,8.5,8.3,8.4,739500.0
2025-12-01,8.3,8.4,8.2,8.3,394700.0
2025-12-02,8.3,8.4,8.2,8.3,791400.0
2025-12-03,8.4,8.6,8.3,8.4,1229200.0
2025-12-04,8.3,8.5,8.3,8.5,986600.0
2025-12-05,8.4,8.7,8.4,8.5,1815400.0
2025-12-08,8.5,8.6,8.4,8.5,1078300.0
2025-12-09,8.5,8.6,8.3,8.5,1574000.0
2025-12-10,8.5,8.8,8.4,8.8,3304500.0
2025-12-11,8.7,9.1,8.7,8.7,1419200.0
2025-12-12,8.8,9.0,8.3,8.5,2690600.0
2025-12-15,8.5,8.6,8.3,8.4,1279500.0
2025-12-16,8.5,8.7,8.4,8.7,1248100.0
2025-12-17,8.7,8.9,8.6,8.7,2007100.0
2025-12-18,8.8,8.9,8.6,8.9,1248900.0
2025-12-19,8.8,9.1,8.7,8.8,1668900.0
2025-12-22,8.9,9.1,8.7,9.1,3558800.0
2025-12-23,9.0,9.1,8.8,8.8,1815800.0
2025-12-24,8.8,8.9,8.7,8.9,910000.0
2025-12-25,8.9,8.9,8.6,8.7,1261500.0
2025-12-26,8.6,8.7,8.5,8.6,1295500.0
2025-12-29,8.6,8.9,8.6,8.7,949600.0
2025-12-30,8.8,8.8,8.5,8.6,1112800.0
2025-12-31,8.7,8.7,8.5,8.7,845600.0
2026-01-05,8.7,8.7,8.4,8.5,367100.0
2026-01-06,8.5,8.6,8.3,8.5,461600.0
2026-01-07,8.4,8.5,8.4,8.5,324400.0
2026-01-08,8.5,8.5,8.2,8.3,813400.0
2026-01-09,8.3,8.3,8.1,8.2,815000.0
2026-01-12,8.2,8.4,8.2,8.4,567700.0
2026-01-13,8.4,8.5,8.3,8.4,373700.0
2026-01-14,8.4,8.5,8.2,8.4,737000.0
2026-01-15,8.4,8.4,8.2,8.3,399700.0
2026-01-16,8.4,8.9,8.3,8.7,2060500.0
2026-01-19,8.8,9.0,8.7,8.9,1343200.0
2026-01-20,8.9,8.9,8.4,8.6,1380300.0
2026-01-21,8.6,8.6,8.2,8.4,1168000.0
2026-01-22,8.4,8.5,8.3,8.4,782400.0
2026-01-23,8.5,8.5,8.2,8.4,693900.0
2026-01-26,8.4,8.4,8.0,8.2,1218200.0
2026-01-27,8.1,8.2,8.0,8.0,449700.0
2026-01-28,8.0,8.1,8.0,8.1,458200.0
2026-01-29,8.1,8.1,8.0,8.0,338300.0
2026-01-30,8.0,8.1,8.0,8.1,560600.0
2026-02-02,8.1,8.2,8.0,8.1,378800.0
2026-02-03,8.0,8.1,7.9,8.1,735200.0
2026-02-04,8.0,8.3,8.0,8.2,1231400.0
2026-02-05,8.2,8.2,8.0,8.1,307000.0
2026-02-06,8.1,8.1,7.8,7.9,742900.0
2026-02-09,8.0,8.0,7.8,7.9,400100.0
2026-02-10,7.9,7.9,7.7,7.8,497500.0
2026-02-11,7.8,8.0,7.8,8.0,332900.0
2026-02-12,7.9,8.0,7.9,7.9,138700.0
2026-02-13,7.9,8.0,7.8,7.9,260700.0
2026-02-23,7.9,8.1,7.9,8.0,496200.0
2026-02-24,8.1,8.1,8.0,8.0,402000.0
2026-02-25,8.1,8.2,8.0,8.2,627200.0
2026-02-26,8.2,8.2,8.0,8.2,284400.0
2026-02-27,8.2,8.2,8.0,8.1,356400.0
2026-03-02,7.9,7.9,7.7,7.9,1124500.0
2026-03-03,7.8,7.9,7.7,7.7,541500.0
2026-03-04,7.7,7.7,7.3,7.5,1143700.0
2026-03-05,7.5,7.7,7.5,7.7,364300.0
2026-03-06,7.6,7.6,7.4,7.5,236500.0
2026-03-09,7.5,7.5,6.4,6.4,2050300.0
2026-03-10,6.5,6.9,6.5,6.8,546500.0
2026-03-11,6.8,7.2,6.8,7.1,463200.0
2026-03-12,7.1,7.2,6.9,7.0,544600.0
2026-03-13,7.0,7.7,6.8,7.6,1350500.0
2026-03-16,7.1,7.7,7.0,7.5,472100.0
2026-03-17,7.5,7.6,7.2,7.4,631300.0
2026-03-18,7.3,7.4,7.2,7.3,384400.0
2026-03-19,7.2,7.4,7.2,7.3,413000.0
2026-03-20,7.3,7.3,7.0,7.0,415000.0
2026-03-23,7.1,7.1,6.7,6.7,506300.0
2026-03-24,6.9,7.2,6.8,7.0,482100.0
2026-03-25,7.1,7.2,7.0,7.1,988800.0
2026-03-26,7.1,7.2,6.9,7.1,350500.0
2026-03-27,7.0,7.2,7.0,7.1,233800.0
2026-03-30,7.1,7.1,6.9,7.0,396800.0
2026-03-31,7.0,7.1,7.0,7.1,191400.0
2026-04-01,7.1,7.3,7.1,7.1,423900.0
2026-04-02,7.1,7.2,7.0,7.1,252900.0
2026-04-03,7.1,7.2,6.9,6.9,265800.0
2026-04-06,7.0,7.2,7.0,7.0,384100.0
2026-04-07,7.1,7.1,6.9,7.1,164100.0
2026-04-08,7.1,7.3,7.1,7.3,755400.0
2026-04-09,7.3,7.6,7.1,7.5,1237400.0
2026-04-10,7.5,7.6,7.3,7.4,337500.0
2026-04-13,7.4,7.7,7.3,7.5,852600.0
2026-04-14,7.5,7.6,7.3,7.4,316500.0
2026-04-15,7.4,7.5,7.3,7.4,519300.0
2026-04-16,7.4,7.4,7.2,7.3,155400.0
2026-04-17,7.3,7.4,7.2,7.4,200200.0
2026-04-20,7.4,7.4,7.2,7.3,373000.0
2026-04-21,7.3,7.3,7.1,7.2,332600.0
2026-04-22,7.2,7.2,7.1,7.1,246800.0
2026-04-23,7.1,7.2,7.0,7.1,544400.0
2026-04-24,7.1,7.1,6.9,7.0,335100.0
2026-04-28,7.0,7.1,6.9,7.0,300100.0
2026-04-29,7.0,7.1,6.9,7.0,250000.0
2026-05-04,7.0,7.1,6.9,7.0,196600.0
2026-05-05,7.0,7.0,6.9,7.0,82800.0
2026-05-06,7.0,7.1,6.9,7.1,321400.0
2026-05-07,7.0,7.1,6.9,7.0,418400.0
2026-05-08,7.0,7.1,6.9,7.0,300900.0
2026-05-11,7.1,7.1,6.9,6.9,220200.0
2026-05-12,6.9,7.0,6.8,7.0,426300.0
2026-05-13,7.0,7.0,6.8,7.0,205300.0
2026-05-14,6.9,7.0,6.9,7.0,75100.0
2026-05-15,6.9,7.1,6.9,7.0,351300.0
2026-05-18,7.0,7.0,6.8,7.0,214300.0
2026-05-19,6.9,7.0,6.8,6.9,155500.0
2026-05-20,6.9,6.9,6.7,6.8,418800.0
2026-05-21,6.8,7.0,6.8,6.9,233600.0
2026-05-22,6.9,7.0,6.9,7.0,183700.0
2026-05-25,7.0,7.0,6.9,6.9,305600.0
2026-05-26,6.9,7.0,6.8,7.0,183200.0
2026-05-27,7.0,7.0,6.9,7.0,106000.0
2026-05-28,7.0,7.0,6.8,6.8,100700.0
2026-05-29,6.9,6.9,6.8,6.8,147800.0
2026-06-01,6.8,6.9,6.8,6.9,249800.0
2026-06-02,6.9,7.0,6.8,6.8,256500.0
2026-06-03,6.9,6.9,6.7,6.9,115300.0
2026-06-04,6.9,6.9,6.7,6.8,169100.0
2026-06-05,6.8,6.9,6.7,6.7,77300.0
2026-06-08,6.7,6.8,6.6,6.7,195500.0
2026-06-09,6.7,6.8,6.6,6.7,112000.0
2026-06-10,6.6,6.8,6.6,6.7,99500.0
2026-06-11,6.7,6.8,6.6,6.7,78400.0
2026-06-12,6.7,6.8,6.6,6.7,150000.0
2026-06-15,6.7,6.8,6.7,6.7,96500.0
2026-06-16,6.8,6.8,6.7,6.8,70200.0
2026-06-17,6.8,6.8,6.7,6.8,162700.0
2026-06-18,6.7,6.8,6.7,6.7,95100.0
2026-06-19,6.7,6.8,6.6,6.7,202300.0
2026-06-22,6.7,6.7,6.6,6.7,107900.0
2026-06-23,6.6,6.7,6.5,6.5,661700.0
2026-06-24,6.5,6.6,6.4,6.5,303300.0
2026-06-25,6.5,6.7,6.5,6.7,244800.0
2026-06-26,6.7,6.7,6.5,6.5,144300.0
2026-06-29,6.5,6.7,6.5,6.7,272800.0
2026-06-30,6.7,6.8,6.6,6.7,205600.0
2026-07-01,6.7,6.7,6.6,6.7,109500.0
2026-07-02,6.6,6.7,6.6,6.7,90400.0
2026-07-03,6.7,6.7,6.5,6.6,158200.0
2026-07-06,6.6,6.7,6.5,6.6,186700.0
2026-07-07,6.6,6.6,6.4,6.6,259600.0
2026-07-08,6.6,6.6,6.5,6.5,110400.0
2026-07-09,6.5,6.6,6.4,6.5,430400.0
2026-07-10,6.5,6.6,6.4,6.5,141300.0
2026-07-13,6.8,6.8,6.4,6.4,185400.0
2026-07-14,6.4,6.5,6.4,6.4,152600.0
2026-07-15,6.5,6.6,6.4,6.5,284200.0
2026-07-16,6.5,6.5,6.2,6.4,400300.0
2026-07-17,6.4,6.4,6.3,6.3,111800.0
2026-07-20,6.3,6.3,6.0,6.1,321600.0
2026-07-21,6.2,6.2,5.9,6.0,242300.0
2026-07-22,6.0,6.1,5.8,5.9,236400.0
2026-07-23,5.9,5.9,5.8,5.8,128900.0
2026-07-24,5.8,5.8,5.7,5.7,97000.0
2026-07-27,5.8,5.8,5.6,5.7,106500.0
2026-07-28,5.6,5.7,5.5,5.6,344600.0
2026-07-29,5.5,5.6,5.4,5.5,247500.0
2026-07-30,5.5,5.8,5.5,5.7,244900.0
2026-07-31,5.8,5.8,5.5,5.6,185900.0
2026-08-03,5.6,5.7,5.5,5.7,381600.0
2026-08-04,5.7,5.8,5.6,5.7,149000.0
2026-08-05,5.7,5.7,5.5,5.7,409300.0
2026-08-06,5.6,5.6,5.5,5.5,105800.0
2026-08-07,5.5,5.7,5.5,5.6,318200.0
2026-08-10,5.5,5.7,4.8,5.6,451500.0
2026-08-11,5.6,5.7,5.5,5.6,314800.0
2026-08-12,5.6,5.8,5.6,5.8,521400.0
2026-08-13,5.8,5.9,5.7,5.7,551500.0
2026-08-14,5.7,5.8,5.6,5.7,219600.0
2026-08-17,5.6,5.7,5.5,5.5,194900.0
2026-08-18,5.6,5.6,5.5,5.5,251600.0
2026-08-19,5.6,5.6,5.4,5.5,146900.0
2026-08-20,5.5,5.6,5.4,5.5,90200.0
2026-08-21,5.5,5.6,5.4,5.6,187100.0
2026-08-24,5.6,5.7,5.5,5.6,202200.0
2026-08-25,5.6,5.8,5.6,5.7,283800.0
2026-08-26,5.6,5.7,5.6,5.7,60700.0
2026-08-27,5.6,5.7,5.5,5.7,98600.0
2026-08-28,5.6,5.6,5.5,5.6,130300.0
2026-09-03,5.6,5.6,5.5,5.5,285200.0
2026-09-04,5.5,5.6,5.5,5.5,91900.0
2026-09-07,5.6,5.6,5.4,5.4,105900.0
2026-09-08,5.5,5.5,5.4,5.5,63100.0
2026-09-09,5.4,5.6,5.4,5.5,109500.0
2026-09-10,5.5,5.5,5.4,5.5,36500.0
2026-09-11,5.3,5.5,5.3,5.4,183000.0
2026-09-14,5.4,5.4,5.2,5.3,200000.0
2026-09-15,5.3,5.3,5.2,5.3,119700.0
2026-09-16,5.2,5.3,5.1,5.1,132900.0
2026-09-17,5.2,5.2,5.1,5.2,98400.0
2026-09-18,5.1,5.2,5.1,5.1,195000.0
2026-09-21,5.1,5.2,5.0,5.1,152400.0
2026-09-22,5.0,5.1,4.9,5.1,237800.0
2026-09-23,5.0,5.1,4.9,4.9,208900.0
2026-09-24,5.0,5.0,4.9,5.0,67100.0
2026-09-25,4.9,5.0,4.8,4.8,161100.0
2026-09-28,5.0,5.0,4.7,4.8,182500.0
2026-09-29,4.8,4.9,4.8,4.8,82200.0
2026-09-30,4.8,4.9,4.7,4.7,92300.0
2026-10-01,4.8,4.9,4.7,4.7,228600.0
2026-10-02,4.8,4.8,4.6,4.7,239400.0
