stt,co_hoi,ma_id,nhom,xep_loai_cuoi,trong_phuong_an_B,tien_trieu_dong,gia_02_10_2026,dieu_kien_kich_hoat,vung_mua,cat_lo,chot_loi,han_chot,loi_nhuan_ky_vong_24T,p_x2_24T,p_x5_24T,p_lo_gt30_24T,do_tin_cay_danh_gia_0_10,ly_do_chinh,phap_ly
1,"Khóa lãi tiền gửi/CD 9–9,6%",DEPOSIT_LOCK,Tiền gửi,An toàn,Lớp nền,70,"Lãi 9–9,6%/năm","Cake 9,6% (người gửi lần đầu, 10–13T, đến 31/10); Techcombank tới 8,4% (đến 06/10); VPBank CD 9% (≥100tr, cần hỏi lại)","Gửi 05–10/10/2026; 20tr khóa trong 15/11/2026–20/01/2027 khi lãi ≥8,5%",Không áp dụng,Đáo hạn 12–13 tháng rồi tái gửi,Cake 31/10/2026; Techcombank 06/10/2026,+16–19%,0,0,~0,8.0,Lãi an toàn cao nhất từ 2023; bảo hiểm tiền gửi 350tr/người/ngân hàng; không cơ hội rủi ro nào có kỳ vọng sau phí vượt rõ mức này,Hợp pháp; lãi tiền gửi miễn thuế TNCN
2,SSI (công ty chứng khoán; FTSE/MSCI/CCP 2027),BROKERS,Cổ phiếu,Theo dõi / Sự kiện,Vé,7,"19,7",Đã có BCTC Q3 không lỗ tự doanh VÀ (VN-Index đóng tuần > MA200 ~1.796 HOẶC Fed và NHNN dừng tăng lãi suất),"20,5–21,5 (không mua >22,5); nhánh thấp 16,5–17,3 tối đa 3,5tr sau BCTC Q3","Đóng cửa tuần < 15,8","26,0 / 30,0 / trailing −15%",31/03/2027,+10–15%,"4–7% (giá chạm); vé thực nhận ≥x2 ~3,5%",~1%,18–20%,4.0,Beta cao nhất với chu kỳ; MSCI đưa vào watchlist chỉ ~25–35%; đợt FTSE 09/2026 đã 'bán sự thật',Hợp pháp
3,"DBC (Dabaco, đáy chu kỳ heo)",AGRI_DBC_HAG,Cổ phiếu,Theo dõi,Vé,5,"15,4","BCTC Q3 có LNST ≥ 100 tỷ; đợt B thêm: giá heo hơi miền Bắc ≥60.000đ/kg 3–4 tuần VÀ đóng cửa > ~16,3 với KL ≥1,5 lần TB","Đợt A 13,5–14,8; đợt B theo điều kiện","2 phiên đóng cửa < 11,0 (đợt B: < 14,4)","18,5–19 / 22,5–23 / trailing −15%",30/06/2027,+8–13%,"7–12% (giá chạm); vé thực nhận ≥x2 ~5,5%",~1%,10–13%,3.5,Tương quan thấp với nhóm tài chính; rủi ro dịch bệnh và giá heo,Hợp pháp
4,"NLG (Nam Long, bất động sản đảo chiều)",RE_TURNAROUND,Cổ phiếu,Theo dõi,Vé,4,"21,9","Chỉ mua sau kỳ cơ cấu ETF VNDiamond (26–30/10); nhánh breakout: đóng cửa > 24,5 KL lớn VÀ lãi suất ngừng tăng 2 tháng","18,8–19,5 và 17,0–17,8; hoặc breakout > 24,5","2 phiên đóng cửa < 15,0","26,5 / 31,5 / trailing hướng 36–38",30/06/2027,+7–10%,"7–8% (giá chạm); vé thực nhận ≥x2 ~4,5%",~1%,~25%,3.0,Nhạy lãi suất; KDH bị loại vì ngưỡng bán đã kích hoạt,Hợp pháp
5,"HHV (Đèo Cả, hạ tầng/đường sắt tốc độ cao)",INFRA_CONTRACTORS,Cổ phiếu,Theo dõi,Vé,3,"8,83","Đủ cả 3: BCTC Q3 lãi cổ đông mẹ ≥150 tỷ; đóng cửa > 9,8 ba phiên; lãi suất ngừng tăng","9,8–10,3 (không bắt đáy)","2 phiên đóng cửa < 8,3","11,0 / 13,0 / trailing hướng 15",31/03/2027,+5–11%,"7–10% (giá chạm); vé thực nhận ≥x2 ~3,5%",~1%,25–28%,5.0,"P/B thấp do ROE thấp, nợ ròng ~3,4 lần vốn hóa; VCG, C4G bị loại",Hợp pháp
6,VIX (chứng khoán; sàn crypto VIXEX),VIX,Cổ phiếu,Theo dõi,Vé xổ số,3,"11,8","(Fed và lãi suất trong nước dừng tăng HOẶC VN-Index > MA200 HOẶC VIXEX có giấy phép) VÀ đóng cửa > 13,0","12,5–13,5","2 phiên đóng cửa < 10,0","15,5–16 / 18,5–19 / trailing hướng 25",30/06/2027,+8–13%,15–22% (giá chạm); vé thực nhận ≥x2 ~8%,1–2%,25–33%,3.5,Cú giảm hiện tại là riêng VIX; phụ thuộc giấy phép sàn crypto,Hợp pháp
7,BTC,BTC,Crypto,Theo dõi (điều kiện pháp lý),Vé,5,~85.500 USD,"Có sàn trong nước được cấp phép chính thức, đang hoạt động, có cặp BTC/VND, nhận người mới, quy chế rút rõ ràng. HIỆN CHƯA CÓ","74–80k / 66–70k / 60–62k USD; không mua > 90k; giá sàn nội không cao hơn quốc tế quá 1,5%",Đóng cửa tuần < 56.000 USD,100k / 120–126k / trailing −20%,30/06/2027,+15–18% (nếu có kênh hợp pháp),10–15% (giá chạm); vé thực nhận ≥x2 ~7%,~1%,20–25%,4.0,Biến động lớn; Fed đang tăng lãi suất,Chỉ sàn được Bộ Tài chính cấp phép; sàn không phép bị phạt tới 50tr (NĐ 284/2026)
8,ETH,ETH,Crypto,Theo dõi (điều kiện pháp lý),Vé,3,~2.704 USD,"Như BTC, cộng điều kiện ETH được niêm yết",2.450–2.600 / 2.050–2.200 / 1.650–1.850,Đóng cửa tuần < 1.450,3.400–3.600 / 4.400–4.900 / trailing −25%,30/06/2027,+10–14%,~12% (giá chạm); vé thực nhận ≥x2 ~6%,1–2%,28–33%,4.0,"Tương quan cao với BTC, biến động lớn hơn",Như BTC
9,"MSN (chiết khấu tổng các phần, bán vốn MSR)",MSN,Cổ phiếu,Theo dõi,Không,,,Mua ở 62–66 HOẶC sau Q3 nếu lãi cổ đông mẹ ≥2.400 tỷ và đóng cửa > 74,62–66,"59,5",82–83 / 95–100,,+8–13%,3–5%,~1%,10–11%,4.0,"Chất xúc tác lớn nhất (Elmet mua 4,99% MSR) đã qua; chiết khấu holding hiếm khi đóng hẳn",Hợp pháp
10,"VPB (SMBC nâng sở hữu, FTSE, sàn CAEX)",VPB,Cổ phiếu,Theo dõi / Sự kiện,Không,,,Sau BCTC Q3 với LNTT 9 tháng ≥ 10.959 tỷ,"20,8–21,5","18,9",26 / 28–29,,+12–16%,4–5%,~1%,8–12%,4.0,"Q3 so với nền cao nên chỉ tăng ~20%; mục tiêu CTCK sau quy đổi chỉ ~27,8–28,4",Hợp pháp
11,HPG (người nhà Chủ tịch mua 50tr cp; ray cao tốc),HPG,Cổ phiếu,Theo dõi / Sự kiện,Không,,,"Phần 3 chỉ khi LNST Q3 ≥5.000–5.400 tỷ và đóng cửa > ~21,4","19,6–20,3 / 18,3–18,9","2 phiên đóng cửa < 17,0","24–24,5 / 27,5–28,5 / 32,5",,+7–12% (khi áp cắt lỗ),3–6%,~1%,8–9%,4.5,Backtest: cắt lỗ −15% bị chạm 49% số lần trong 12 tháng,Hợp pháp
12,"VTO, QTP (Nhà nước sở hữu, cổ tức 10–11%)",VEA_QTP_VTO,Cổ phiếu,Sự kiện / Theo dõi,Không,,,Mua theo vùng giá,"VTO 10,9–11,3 / 10,2–10,6","VTO dưới 9,0–9,6 hoặc khi luận điểm hỏng","VTO 12,8 / 14,7",,+15–16%,~2%,~1%,3–5%,5.0,Phòng thủ nhất nhưng kỳ vọng chỉ ngang tiền gửi,Hợp pháp
13,PHR (tiền đền bù đất KCN),PHR,Cổ phiếu,Theo dõi / Sự kiện,Không,,,Mua theo vùng giá HOẶC sau Q3 với LNTT ≥400 tỷ (mua tối đa 34–35),"29,5–31",Dưới 26,"39,5–40,5 / 45–46",,+10–13%,2–3%,~1%,7–8%,4.5,Tiền ròng thực ~2.500 tỷ (không phải 4.800 tỷ); GDKHQ cổ tức 1.400đ ngày 15/10,Hợp pháp
14,"NTP (SCIC thoái vốn 37,1%)",NTP,Cổ phiếu,Theo dõi,Không,,,Sau BCTC Q3,"47,5–48,5","Dưới 40,8","58,5 / 65,5",,+9–12%,3–5%,~1%,~7%,6.0,Chưa có lịch đấu giá; lãi kỷ lục Q2 có thể là lãi tồn kho,Hợp pháp
15,PVS (chuyển sàn HOSE),PVS,Cổ phiếu,Bị bác bỏ → Theo dõi,Không,,,Chỉ khi lợi nhuận lõi Q3 tăng,,,,,+8–14%,3–6%,~1%,~12%,3.5,+66% LNTT Q2 đến từ 460 tỷ thu nhập khác một lần; lợi nhuận lõi giảm 35%,Hợp pháp
16,ACV (sân bay Long Thành 01/12),ACV,Cổ phiếu,Theo dõi,Không,,,Sau BCTC Q3,"33–36,5","Dưới 30,5",,,+3–7%,~3%,~1%,10–13%,6.5,Lợi nhuận lõi đi ngang; tỷ lệ chia cổ phiếu chỉ ~35% (không phải 58%); Long Thành đã lùi 2 lần,Hợp pháp
17,MCH (đón FTSE 2027),FTSE_FRONTRUN,Cổ phiếu,Theo dõi,Không,,,Nếu mua: 1 lô,128–131,Dưới 120,,,+13–15%,4–5%,~1%,6–8%,3.5,Lợi thế 'đón trước' FTSE gần bằng 0 sau đợt 09/2026,Hợp pháp
18,"PVT, PVP (vận tải dầu)",OIL_SHIPPING,Cổ phiếu,Theo dõi,Không,,,Sau Q3 với LNTT ≥750 tỷ,"PVT 19,0–20,5",,,,+4–6%,~4%,~1%,13–15%,6.0,PVT đang nợ ròng ~1.160 tỷ; đã tăng ~40% từ đầu năm,Hợp pháp
19,SOL,SOL,Crypto,Theo dõi → Loại,Không,,,,,,,,+6–8%,15–17% (giá chạm),~2%,~10%,4.0,"Tương quan 0,86 với BTC, không thêm đa dạng hóa",Như BTC
20,NVL (chào bán quyền mua 3:1 giá 10.000đ),NVL_RIGHTS,Cổ phiếu,Theo dõi → Loại,Không,,,Không mua trong 08–29/10,,,,,+2–3%,5–6%,~1%,30–32%,5.5,Pha loãng ~800 triệu cổ phiếu; rủi ro nằm sàn,Hợp pháp
21,PNJ (bắt đáy khủng hoảng),PNJ_TURNAROUND,Cổ phiếu,Nghiêng về Loại,Không,,,Chỉ xem lại khi có giá chào bán riêng lẻ ≥15–18 cho nhà đầu tư tổ chức uy tín,,,,,−6% đến +8%,5–11%,~1%,28–38%,5.5,Pha loãng tới 107%; dự kiến lỗ 6.271 tỷ,Hợp pháp
22,"LINK, HYPE (altcoin)",ALT_BASKET_LINK_HYPE,Crypto,Loại,Không,,,,,,,,+5–8%,~18% (giá chạm),~1%,~42%,3.5,Không có kênh hợp pháp trong nước,HYPE chỉ có trên DEX/sàn nước ngoài; có thể bị phạt theo NĐ 284/2026
23,Bạc vật chất,SILVER,Hàng hóa,Loại,Không,,,,,,,,0–2%,~6%,~1%,33–35%,6.0,"Giá trong nước cao hơn thế giới 12–15%, chênh mua–bán 3%; giá ở phân vị 93% của 10 năm",Hợp pháp
24,Kỹ năng / kinh doanh nhỏ,SKILLS_BUSINESS,Khác,Không phải tài sản danh mục,Không,,,"Gắn với kế hoạch nghề nghiệp cụ thể; chi từ thu nhập hằng tháng, tối đa ~8tr",,,,,Tùy người,~20%,2–3%,~60%,3.0,Tránh nhượng quyền F&B và các khóa 'kiếm tiền online',Hợp pháp
