sym,n,p_win6,p_beat_dep6,med6,p10_6,p_win12,p_beat_dep12,med12,p_win6_dd,med6_dd,cur_dd
BMP,1250,77.9,70.2,14.7,-5.6,97.2,87.0,36.3,90.1,24.8,-21.0
FUEDCMID,873,68.5,59.0,6.8,-9.7,85.1,76.8,20.7,66.0,15.5,-30.0
LPB,1250,76.1,72.9,21.7,-23.6,77.0,75.9,53.3,70.5,16.5,-28.2
FUEKIV30,1052,69.5,55.8,5.1,-16.9,80.0,71.3,14.9,75.5,7.5,-9.8
HDB,1250,73.0,67.3,11.7,-14.3,75.0,69.8,30.1,65.0,11.2,-4.2
HAH,1250,76.2,73.3,23.9,-32.2,71.5,69.4,49.2,63.2,14.1,-24.9
STB,1250,72.6,68.6,13.4,-21.1,73.7,68.9,25.0,69.9,12.8,-12.5
CTG,1250,67.1,57.0,6.2,-16.5,72.8,67.8,19.1,65.5,5.3,-27.2
FRT,1250,68.1,60.6,11.5,-16.6,78.0,66.6,26.3,54.6,2.1,-14.5
MBB,1250,71.0,64.9,9.7,-15.9,71.8,66.5,26.5,63.6,5.7,-17.8
ACB,1250,71.7,59.7,6.4,-9.9,75.5,66.3,13.9,58.6,4.3,-11.2
BAF,1076,73.2,63.2,8.5,-24.2,74.8,65.9,29.8,74.6,9.0,-5.8
FUESSVFL,1246,65.7,55.1,5.8,-19.9,71.4,65.6,15.5,50.5,0.3,-19.4
NAB,1244,71.9,64.1,9.7,-25.9,70.5,65.2,19.7,55.7,2.1,-6.4
BSR,1242,63.8,60.9,14.7,-23.7,70.6,65.1,18.7,65.7,17.9,-18.6
CTS,1250,61.2,58.5,13.1,-34.3,69.6,65.1,27.3,53.7,3.5,-43.3
TLG,1250,72.2,63.1,8.6,-13.1,76.0,64.0,14.9,72.6,8.3,-5.4
GMD,1250,71.8,64.8,10.2,-10.8,72.8,63.2,15.9,76.8,10.9,-5.4
REE,1250,62.7,55.0,5.3,-13.3,72.6,62.9,15.3,57.2,3.0,-24.0
HCM,1250,66.6,63.6,11.7,-25.6,71.1,62.5,18.2,72.8,16.2,-11.3
HAG,1250,57.1,52.1,5.3,-20.0,67.0,61.6,22.4,58.9,6.5,-21.5
NTP,1250,66.4,60.6,10.4,-22.6,72.2,61.4,22.9,62.7,9.8,-14.6
MWG,1250,56.7,51.6,4.7,-26.5,68.6,61.3,17.0,58.2,8.1,-20.7
E1VFVN30,1246,70.5,55.1,4.9,-16.4,68.9,61.2,11.5,69.5,5.9,-7.7
FUEMAV30,1250,69.5,54.9,4.7,-16.8,68.4,60.6,11.5,55.2,1.4,-8.6
FUEVFVND,1246,62.2,54.0,5.4,-14.4,70.0,59.7,12.3,63.7,6.8,-20.0
TCB,1250,59.9,52.2,4.8,-27.5,63.1,59.3,22.2,39.3,-5.7,-20.3
BID,1250,59.0,49.0,3.1,-10.9,75.5,59.2,12.2,66.1,5.4,-31.6
MCH,1245,53.6,50.8,4.3,-24.9,62.6,59.1,21.1,49.0,-2.1,-22.3
PVD,1250,60.5,57.6,10.0,-24.0,63.2,58.3,16.3,44.7,-5.9,-33.2
FUEVN100,1246,70.0,56.9,5.0,-18.0,69.8,58.2,11.7,69.6,4.7,-13.8
QNS,1250,65.5,49.5,3.5,-9.5,80.7,58.1,9.3,61.7,5.7,0.0
FUESSV30,1246,66.9,50.6,3.9,-17.7,68.9,57.9,11.0,50.3,0.3,-8.4
MBS,1250,60.9,56.9,9.6,-32.1,68.2,57.9,16.5,49.1,-1.5,-43.4
VN30,1250,68.2,53.1,4.2,-17.0,68.3,57.8,10.2,64.6,4.5,-10.5
PHR,1250,60.2,55.0,7.1,-25.0,67.6,57.3,11.4,63.7,7.7,-14.2
CTD,1250,57.3,53.4,6.6,-36.3,69.0,57.2,13.9,60.9,7.7,-37.7
PVT,1250,61.5,58.0,8.6,-15.6,64.9,56.9,11.4,58.5,7.2,-15.8
IMP,1250,60.5,47.8,3.1,-20.3,64.3,56.5,11.7,61.5,5.2,-34.5
DCM,1250,61.8,57.4,9.1,-20.0,68.0,56.2,12.4,57.3,7.9,-31.0
NT2,1250,57.7,49.8,3.5,-18.7,60.2,54.6,13.6,58.9,3.8,-22.8
SSI,1250,53.0,48.5,2.3,-37.4,59.0,54.6,13.8,45.0,-2.7,-34.7
EIB,1250,53.8,45.0,1.6,-22.4,65.2,53.9,8.9,53.6,1.2,-38.4
MSB,1250,65.7,54.6,5.1,-21.5,68.0,53.9,9.2,70.7,7.0,-1.4
VPI,1250,74.3,61.2,6.0,-7.6,71.5,53.8,9.8,91.0,6.2,-6.8
DPM,1250,62.9,54.6,5.0,-16.4,64.9,53.7,9.2,57.2,2.4,-31.4
VGI,1250,58.5,52.6,5.4,-25.4,61.9,53.6,10.3,53.2,2.3,-39.7
GEX,1250,56.9,51.8,4.4,-41.8,62.4,53.6,13.7,53.3,1.9,-49.2
HPG,1250,50.3,43.0,0.2,-30.7,62.8,53.6,10.0,50.6,0.3,-24.1
FPT,1250,57.4,54.5,7.4,-20.2,61.5,52.9,10.4,40.8,-3.4,-34.7
PVS,1250,63.4,58.5,8.0,-21.2,60.9,52.9,9.5,58.5,4.6,-26.4
TPB,1250,53.4,47.5,2.1,-26.7,66.3,52.8,8.7,48.3,-1.7,-25.6
SHB,1247,47.7,42.1,-1.5,-29.6,59.3,52.5,9.8,38.9,-6.1,-37.8
VNINDEX,1250,67.5,54.6,4.7,-16.1,67.8,52.4,8.0,65.7,5.4,-9.9
VIX,1250,50.8,48.9,1.0,-44.2,54.4,52.0,14.3,48.6,-0.6,-63.0
ANV,1250,60.6,57.4,8.5,-32.3,61.2,52.0,10.2,57.0,6.0,-47.3
PNJ,1250,61.2,49.8,3.5,-14.5,62.5,51.7,8.6,61.5,4.4,-72.8
VIB,1250,53.2,46.3,1.9,-22.2,63.1,51.6,8.1,50.5,1.0,-25.0
DBC,1250,56.2,52.4,5.6,-35.7,60.1,51.2,8.4,50.7,0.8,-39.7
MSR,1250,57.8,54.6,12.6,-37.9,56.9,51.2,8.8,51.4,1.4,0.0
SHS,1250,48.6,46.6,-1.5,-41.5,52.3,51.1,8.9,40.8,-8.2,-52.6
OCB,1250,59.4,51.8,4.7,-27.8,56.8,50.5,7.8,57.0,3.1,-14.3
DPR,1250,66.1,57.2,6.3,-17.9,62.5,50.4,7.7,63.4,4.3,-19.7
CMG,1250,54.6,50.6,4.3,-22.1,56.0,50.4,7.9,43.4,-4.0,-44.6
VHC,1250,59.0,52.9,5.0,-23.1,55.0,49.1,6.2,52.4,0.9,-26.7
BSI,1244,49.0,44.9,-0.6,-33.1,57.4,49.0,6.4,32.9,-6.8,-42.9
CSV,1250,54.3,52.2,5.7,-27.4,51.2,49.0,3.6,33.3,-12.5,-41.4
IDC,1250,56.6,53.4,6.9,-27.8,54.6,48.6,4.7,49.1,-0.5,-25.4
VTP,1243,46.4,43.1,-4.6,-37.7,49.9,48.6,-0.1,37.1,-10.6,-35.8
FTS,1250,48.2,44.5,-1.2,-33.6,52.5,48.4,4.2,38.0,-7.9,-44.1
CTR,1249,56.0,48.3,2.7,-23.4,54.1,48.4,5.5,33.2,-6.5,-24.8
VND,1244,50.1,47.2,0.3,-31.5,52.7,47.7,4.0,37.6,-8.6,-42.6
PC1,1250,61.0,53.4,5.4,-21.5,56.6,47.3,5.1,55.9,3.0,-38.6
POW,1250,55.4,51.5,4.5,-18.5,62.8,45.6,5.1,54.5,3.6,-23.3
VCI,1250,53.1,46.8,1.7,-25.9,61.2,45.5,5.5,50.7,0.4,-42.2
VSC,1250,52.8,47.2,1.9,-21.3,54.8,45.2,3.4,54.1,2.4,-58.2
GVR,1250,53.3,49.0,2.8,-36.1,49.5,44.9,-0.6,53.7,2.7,-28.4
HVN,1250,47.4,44.3,-1.6,-32.4,49.0,44.8,-1.7,42.7,-7.3,-43.2
KBC,1250,46.8,42.2,-2.6,-26.5,49.6,44.8,-0.7,36.2,-6.2,-33.7
KDH,1250,55.6,49.8,3.4,-33.0,52.0,43.9,2.7,48.1,-3.6,-57.9
DXG,1250,50.8,46.0,0.8,-40.9,49.9,43.9,-0.1,46.3,-3.0,-49.6
DGC,1250,51.2,47.4,1.0,-40.3,47.0,43.6,-6.8,31.6,-15.3,-55.3
VCG,1250,45.7,42.2,-3.0,-36.6,47.4,43.1,-2.3,40.1,-7.5,-47.0
DGW,1250,58.4,53.4,5.9,-28.1,52.3,42.5,1.8,53.1,2.0,-16.6
SZC,1250,45.8,42.6,-5.4,-40.3,45.4,41.8,-5.4,35.3,-11.6,-52.0
VGC,1250,57.4,50.2,3.7,-23.7,49.9,41.5,-0.0,54.5,1.9,-19.5
VPB,1250,49.8,40.2,0.0,-17.9,61.0,40.7,3.7,53.5,1.1,-12.8
VCB,1250,62.5,47.2,2.7,-8.3,71.1,40.7,5.2,74.4,5.0,-24.2
PTB,1250,51.4,48.5,1.5,-26.2,46.4,39.7,-3.5,39.5,-6.3,-33.8
VJC,1250,48.5,36.9,-0.4,-15.7,51.2,38.2,1.4,46.0,-1.6,-23.2
GEG,1250,46.6,41.3,-2.1,-25.8,44.2,37.5,-5.3,38.2,-5.7,-27.8
BCM,1250,47.0,39.8,-1.4,-20.5,51.3,37.0,0.6,47.1,-1.5,-50.8
SIP,1245,46.1,38.2,-1.4,-27.9,42.7,36.5,-5.8,42.9,-2.9,-19.2
PLX,1250,44.1,38.0,-1.9,-28.6,46.6,35.9,-1.6,44.6,-1.7,-46.6
VHM,1250,52.9,45.5,1.4,-25.3,40.7,35.6,-7.8,43.5,-4.4,-14.0
HNXINDEX,1247,55.3,45.4,1.6,-30.9,51.4,35.6,0.2,60.3,1.9,-20.6
NLG,1250,49.1,45.2,-0.8,-31.7,48.7,35.1,-0.7,39.4,-12.8,-44.1
VIC,1250,40.0,37.0,-4.7,-24.4,36.0,35.0,-13.4,36.7,-13.4,-12.5
HHV,1241,49.4,45.2,-0.9,-33.8,45.4,35.0,-2.9,39.2,-8.4,-43.3
DHG,1250,52.9,42.6,1.3,-11.8,61.2,34.5,3.4,56.6,4.0,-8.2
NKG,1250,45.6,44.4,-7.5,-35.2,44.7,34.0,-4.1,37.1,-11.5,-44.2
SCS,1250,40.3,33.4,-3.1,-16.0,40.5,34.0,-6.0,24.4,-5.7,-22.6
C4G,1250,38.2,35.2,-10.4,-32.4,39.9,32.8,-8.6,24.1,-15.7,-50.5
NVL,1250,44.1,38.6,-3.5,-59.1,39.2,32.1,-11.3,31.1,-14.7,-44.8
HSG,1250,41.0,37.4,-5.7,-42.5,35.9,31.8,-11.0,30.6,-8.3,-31.9
ACV,1250,39.4,34.2,-4.2,-19.2,40.6,30.9,-5.2,27.1,-7.3,-36.9
GAS,1250,52.2,37.9,0.6,-11.9,42.8,30.3,-2.1,50.2,0.1,-37.0
VRE,1250,36.7,30.2,-4.7,-20.6,37.2,28.6,-8.3,34.5,-5.6,-43.7
PDR,1250,40.6,38.0,-11.1,-53.2,34.8,28.2,-14.4,21.8,-18.9,-57.4
MSN,1250,34.7,30.5,-6.1,-20.4,41.2,26.2,-5.9,28.7,-7.2,-19.8
TCM,1250,32.4,29.0,-11.9,-29.5,32.5,26.0,-16.7,32.1,-12.4,-44.2
SSB,1250,50.6,36.5,0.2,-14.4,45.2,22.5,-1.3,48.9,-0.2,-29.3
SAB,1250,44.1,30.3,-1.4,-18.2,38.9,20.6,-4.5,45.2,-1.1,-15.5
KDC,1250,43.2,31.8,-1.5,-12.1,49.9,19.8,-0.0,59.0,2.4,-4.6
VNM,1250,45.6,31.2,-0.8,-12.9,39.7,15.8,-2.4,57.8,1.8,-19.4
