symbol,mcap_bn,pe_vnd,pb_vnd,div_yield_pct,vci_rating,vci_rating_date,vci_target,vci_upside,vci_tsr,foreign_own,foreign_max,state_own,adv_1m,ttm_period,q_pe,q_pb,q_roe,q_roa,q_npl,q_netInterestMargin,q_casaRatio,q_cir,q_car,q_debtToEquity,q_grossMargin,q_afterTaxProfitMargin,q_loansGrowth,q_depositGrowth,q_ldrLoanDepositRatio,q_loansLossReservesToNPLs,ttm_np_yoy_pct,ttm_np_yoy_prev_pct,pe_5y_median,pe_pctile_5y,pb_5y_median,pb_pctile_5y,last_q,pbt_q_bn,pbt_q_yoy,np_q_yoy,rev_q_yoy,pbt_6m_bn,pbt_6m_yoy,np_6m_yoy,rev_6m_yoy,pbt_ttm_bn,pbt_ttm_yoy,np_ttm_yoy,rev_ttm_yoy,prov_6m_yoy,recs_6m_n,recs_6m_median_tp,bbg_avg_tp,recs_types,close,up_vci_target,up_recs_6m_median_tp,up_bbg_avg_tp
VCB,481287,11.56,1.97,0.78,BUY,11-Sep-26,76.5,32.8,33.6,19.9,30.0,74.8,277.4,2026Q2,11.56,1.94,17.92,1.66,0.61,2.75,33.93,-32.04,0.0,9.69,65.95,49.07,0.18,2.78,1.02,-279.28,18.6,3.8,14.92,8.0,2.82,8.0,2026Q2,17420,57.9,64.7,47.6,29222,33.5,36.9,35.3,51348.0,18.6,20.2,21.8,,8.0,76.59,78.02,BUY,57.1,34.0,34.1,36.6
BID,275738,8.55,1.45,1.15,O-PF,30-Sep-26,42.6,20.2,20.2,17.5,30.0,76.7,130.2,2026Q2,8.34,1.43,17.65,0.98,1.83,2.11,20.82,-31.66,0.0,16.31,67.28,33.75,2.97,5.63,1.11,-75.89,24.5,4.0,12.27,4.0,2.12,4.0,2026Q2,10333,19.8,20.6,7.0,18905,17.9,18.7,10.9,40653.0,25.2,26.2,14.2,,,,,,34.8,22.4,,
CTG,233397,5.81,1.19,1.04,BUY,26-Aug-26,48.8,62.4,63.9,24.5,30.0,64.5,228.5,2026Q2,5.81,1.17,21.76,1.41,1.2,2.69,23.5,-24.09,0.0,13.79,71.46,41.24,3.17,3.65,1.11,-133.95,20.5,31.5,9.08,4.0,1.39,8.0,2026Q2,14729,21.8,21.4,26.1,25868,36.7,36.9,24.5,50392.0,33.6,33.4,15.2,,,,,,29.75,64.0,,
TCB,233846,8.62,1.31,5.09,BUY,12-Aug-26,42.6,29.1,32.1,20.7,22.5,0.0,505.6,2026Q2,8.62,1.31,14.76,2.27,1.08,3.63,35.02,-30.92,0.0,5.74,69.12,47.03,6.33,10.44,1.28,-125.64,23.1,2.2,8.33,58.0,1.27,65.0,2026Q2,9670,22.4,17.7,17.3,18540,22.5,15.0,17.5,35943.0,32.9,27.3,26.3,,8.0,42.35,42.89,BUY,32.25,32.1,31.3,33.0
MBB,196844,6.54,1.25,0.93,BUY,21-May-26,29.6,51.4,54.0,22.2,23.2,43.2,227.2,2026Q2,6.03,1.25,20.69,1.91,1.45,3.9,34.61,-27.54,0.0,10.06,71.57,41.21,9.55,6.39,1.27,-93.63,34.3,6.8,6.29,62.0,1.26,42.0,2026Q2,10560,40.7,40.0,18.5,20188,27.1,26.5,16.3,38567.0,23.3,22.7,18.0,,0.0,,31.6,,19.1,55.0,,65.4
ACB,122473,7.81,1.23,2.94,BUY,28-Aug-26,28.0,32.7,36.0,23.5,30.0,0.0,159.7,2026Q2,7.81,1.23,16.33,1.54,1.03,2.89,20.58,-29.7,0.0,9.75,68.06,45.26,5.18,1.32,1.29,-105.33,-9.8,3.5,6.78,73.0,1.4,4.0,2026Q2,5367,-11.9,-12.1,-1.6,10735,0.4,0.6,4.9,19584.0,-7.6,-7.6,2.2,,0.0,,31.3,,21.1,32.7,,48.3
VPB,233000,7.81,1.31,1.7,BUY,18-May-26,30.2,29.6,31.8,22.4,30.0,0.0,594.7,2026Q2,7.81,1.31,16.62,2.24,3.28,5.24,12.75,-19.65,0.0,6.86,77.56,34.69,11.57,7.35,1.58,-56.17,44.4,30.9,10.9,27.0,1.3,54.0,2026Q2,10959,76.3,72.4,42.0,18880,68.1,66.5,35.2,38276.0,69.6,71.3,32.6,,9.0,35.03,36.3,BUY,22.9,31.9,53.0,58.5
HDB,140148,7.34,1.63,0.0,BUY,06-Mar-26,33.0,17.9,19.6,21.9,27.0,2.8,300.1,2026Q2,7.19,1.63,23.86,2.04,2.79,4.11,11.04,-24.11,0.0,10.57,73.17,42.89,9.63,8.45,0.98,-50.01,27.1,19.7,7.06,58.0,1.55,58.0,2026Q2,7080,50.2,58.1,9.3,13188,31.0,33.2,8.8,24466.0,31.3,33.7,14.7,,,,,,28.45,16.0,,
STB,132531,43.03,2.11,0.0,M-PF,15-Sep-26,73.5,4.6,4.6,10.7,30.0,0.0,233.1,2026Q2,43.03,2.11,4.99,0.35,7.54,2.93,16.72,-28.39,0.0,13.2,64.24,9.06,1.45,7.85,0.98,-56.67,-74.9,21.8,10.05,96.0,1.41,88.0,2026Q2,2030,-44.5,-53.5,28.1,4136,-43.6,-49.4,12.3,4433.0,-69.9,-73.4,12.5,,2.0,71.33,70.35,"BUY,HOLD",68.4,7.5,4.3,2.9
VIB,49947,6.73,1.04,6.13,O-PF,18-Aug-26,14.7,9.7,13.4,3.5,5.0,0.0,61.2,2026Q2,6.73,1.05,15.69,1.32,2.93,3.04,11.93,-31.74,0.0,11.15,65.85,34.48,2.8,0.34,1.25,-43.58,-1.8,4.9,7.02,42.0,1.43,4.0,2026Q2,2383,-8.2,-8.2,4.9,5186,3.4,3.3,15.5,9274.0,-1.5,-1.5,8.0,,1.0,21.05,22.95,BUY,13.35,10.1,57.7,71.9
TPB,39946,5.27,0.87,0.0,BUY,15-Sep-26,15.15,25.3,29.5,21.8,30.0,0.0,126.6,2026Q2,5.29,0.87,16.51,1.49,1.86,2.9,20.98,-39.33,0.0,10.05,63.86,37.91,6.99,8.03,1.17,-66.54,15.9,7.7,7.17,4.0,1.17,4.0,2026Q2,2377,16.7,12.1,12.6,4483,8.1,5.3,11.0,9568.0,19.4,18.4,9.7,,2.0,20.15,21.26,BUY,11.9,27.3,69.3,78.7
LPB,125466,11.11,2.92,7.14,U-PF,18-Nov-25,39.3,-6.4,-4.0,1.5,5.0,6.5,99.5,2026Q2,11.11,2.92,24.66,1.93,1.85,2.92,6.37,-35.23,0.0,13.3,69.77,48.07,6.56,2.24,1.21,-66.76,9.0,6.6,9.65,69.0,2.07,88.0,2026Q2,3147,5.3,5.2,23.3,5973,-3.1,-2.6,16.8,14078.0,13.4,13.7,16.2,,,,,,40.2,-2.2,,
SHB,55437,4.56,0.74,0.02,,,,,,4.0,30.0,0.6,455.3,2026Q2,4.47,0.71,17.29,1.34,2.18,2.14,8.14,-14.93,0.0,11.79,78.29,40.66,5.01,4.01,1.06,-76.93,14.6,26.7,5.28,19.0,0.83,15.0,2026Q2,4487,-1.9,-1.2,-5.5,9143,2.2,2.6,5.2,15217.0,11.6,10.7,0.5,,0.0,,19.02,,11.15,,,70.6
SSB,61571,20.62,1.46,0.0,,,,,,0.9,30.0,0.0,74.6,2026Q2,20.41,1.45,7.27,0.74,2.25,2.46,13.23,-40.44,0.0,9.12,58.89,27.13,6.34,7.48,1.27,-66.59,-54.5,37.4,15.08,92.0,1.75,35.0,2026Q2,1237,-13.7,-12.6,-7.5,2625,-54.6,-54.6,-36.5,3710.0,-56.8,-56.5,-26.2,,,,,,17.05,,,
MSB,53165,9.03,1.18,0.0,,,,,,7.1,30.0,6.4,104.3,2026Q2,9.03,1.18,13.68,1.46,2.53,3.17,23.1,-39.02,0.0,8.75,64.23,41.2,7.32,5.56,1.13,-51.55,9.2,-2.3,6.18,88.0,0.95,88.0,2026Q2,1532,-0.6,1.1,-4.0,3423,7.9,10.5,3.7,7308.0,14.4,15.5,2.3,,,,,,14.05,,,
OCB,31238,7.02,0.87,5.49,,,,,,19.2,22.0,8.6,19.4,2026Q2,6.99,0.87,12.97,1.34,3.49,3.04,11.1,-32.89,0.0,8.82,66.23,35.33,7.75,0.64,1.38,-59.39,14.4,22.5,7.64,42.0,0.99,23.0,2026Q2,1246,24.7,22.7,21.3,2470,30.5,29.4,20.6,5600.0,47.9,48.0,20.9,,,,,,10.1,,,
EIB,30921,62.87,1.17,0.0,,,,,,1.0,30.0,4.2,70.6,2026Q2,62.87,1.17,1.87,0.18,3.08,2.37,14.83,-55.01,0.0,9.04,39.3,7.17,-0.7,-6.34,1.1,-31.71,-83.8,-8.5,15.93,100.0,1.54,8.0,2026Q2,340,-48.2,-50.5,-7.5,678,-54.4,-55.4,-11.3,702.0,-83.3,-85.2,-21.9,,,,,,16.5,,,
NAB,26661,5.69,1.03,0.0,,,,,,0.9,30.0,0.0,18.2,2026Q2,5.49,0.99,19.5,1.13,1.47,2.19,5.44,-41.66,0.0,16.44,63.38,40.15,8.78,13.13,1.09,-68.32,21.3,8.1,6.2,35.0,1.1,38.0,2026Q2,1516,17.0,16.9,4.6,3159,25.3,25.4,3.0,5892.0,21.5,21.9,19.8,,,,,,12.5,,,
SSI,60477,12.6,1.59,3.43,BUY,16-Jul-26,25.8,28.0,33.0,30.0,100.0,0.0,415.0,2026Q2,11.49,1.49,13.41,5.0,0.0,0.0,,0.0,,1.37,63.89,33.66,0.0,0.0,0.0,0.0,14.6,52.4,17.73,27.0,1.94,27.0,2026Q2,1529,27.6,42.8,10.9,3122,39.1,47.0,26.1,5961.0,57.4,71.6,51.8,,5.0,31.6,33.13,BUY,19.7,31.0,60.4,68.2
VCI,22469,15.45,1.31,2.84,,,,,,16.2,100.0,0.0,181.1,2026Q2,14.61,1.31,8.93,4.08,0.0,0.0,,0.0,,1.32,55.83,26.2,0.0,0.0,0.0,0.0,15.4,20.7,22.04,35.0,2.04,12.0,2026Q2,271,28.1,36.3,1.4,675,19.1,23.5,28.4,1737.0,60.2,59.4,39.4,,4.0,31.7,31.4,BUY,18.65,,70.0,68.4
HCM,25951,19.61,1.53,1.66,,,,,,34.8,49.0,11.3,82.7,2026Q2,17.72,1.84,9.77,3.06,0.0,0.0,,0.0,,1.82,37.96,22.96,0.0,0.0,0.0,0.0,27.9,26.0,18.3,69.0,1.86,19.0,2026Q2,340,42.0,42.0,15.1,704,34.6,34.6,30.3,1655.0,52.9,52.4,31.3,,,,,,23.5,,,
VND,20856,7.73,0.97,7.3,,,,,,7.5,100.0,0.0,144.2,2026Q2,7.73,0.97,12.8,5.25,0.0,0.0,,0.0,,1.33,69.92,36.88,0.0,0.0,0.0,0.0,39.7,2.9,11.62,27.0,1.32,12.0,2026Q2,1106,126.5,139.5,7.4,1787,84.9,90.1,22.6,3329.0,78.8,79.0,33.5,,,,,,13.3,,,
VIX,31259,7.91,0.96,0.0,,,,,,6.1,100.0,0.0,428.2,2026Q2,5.64,0.96,16.48,11.8,0.0,0.0,,0.0,,0.18,65.65,47.45,0.0,0.0,0.0,0.0,30.9,370.8,10.09,44.0,1.15,36.0,2026Q2,75,-95.3,-94.2,-31.7,232,-88.8,-87.2,1.6,4881.0,93.2,92.6,105.4,,,,,,11.8,,,
SHS,11963,11.9,0.95,6.8,,,,,,8.9,49.0,0.0,108.6,2026Q2,11.88,0.95,8.06,4.31,0.0,0.0,,0.0,,1.2,56.76,29.32,0.0,0.0,0.0,0.0,-26.2,34.4,12.03,48.0,1.27,23.0,2026Q2,90,-80.6,-80.2,-35.1,370,-53.1,-52.3,-19.1,1230.0,7.1,5.7,64.6,,,,,,13.0,,,
MBS,15615,12.66,1.43,4.4,,,,,,0.3,49.0,0.0,46.2,2026Q2,8.52,1.31,13.97,3.91,0.0,0.0,,0.0,,1.86,66.79,28.07,0.0,0.0,0.0,0.0,68.3,20.0,16.5,38.0,2.16,27.0,2026Q2,377,38.4,36.0,51.0,745,21.9,20.9,51.6,1549.0,48.7,47.8,45.3,,,,,,15.3,,,
FTS,7204,17.11,1.62,2.4,,,,,,24.6,100.0,0.0,12.8,2026Q2,17.1,1.62,9.53,3.05,0.0,0.0,,0.0,,2.28,46.04,31.37,0.0,0.0,0.0,0.0,-3.7,-23.5,22.2,35.0,2.47,15.0,2026Q2,106,24.7,28.8,29.4,290,12.5,11.4,24.8,543.0,0.5,-7.2,22.7,,,,,,18.5,,,
BSI,6909,13.22,1.21,0.0,,,,,,35.4,100.0,52.0,7.4,2026Q2,13.22,1.21,9.39,2.95,0.0,0.0,,0.0,,2.42,58.51,20.36,0.0,0.0,0.0,0.0,6.7,18.6,23.05,27.0,1.87,15.0,2026Q2,146,14.9,20.9,21.8,263,15.7,15.9,55.8,652.0,49.9,51.9,73.3,,,,,,24.65,,,
CTS,5499,14.59,1.92,0.0,,,,,,0.3,49.0,75.6,25.8,2026Q2,14.59,1.92,13.18,3.05,0.0,0.0,,0.0,,3.27,63.62,21.39,0.0,0.0,0.0,0.0,-38.2,164.1,21.91,46.0,2.15,35.0,2026Q2,19,-91.4,-91.2,-38.3,101,-71.2,-71.1,-32.0,465.0,-4.6,-4.0,19.2,,,,,,19.9,,,
FPT,118235,11.82,2.97,2.88,BUY,08-Jun-26,90.3,44.0,47.7,28.4,49.0,5.6,398.3,2026Q2,11.77,2.96,26.47,12.78,0.0,0.0,,0.0,,0.79,34.68,17.18,0.0,0.0,0.0,0.0,11.6,13.9,19.48,8.0,4.73,8.0,2026Q2,2910,-7.3,13.7,-17.1,5714,-7.3,14.1,-19.6,12592.0,4.6,16.1,-3.8,,,,,,62.1,45.4,,
CMG,4937,12.53,1.48,0.0,,,,,,36.3,50.0,0.0,3.2,2026Q2,12.53,1.48,12.27,3.95,0.0,0.0,,0.0,,1.57,18.13,5.19,0.0,0.0,0.0,0.0,0.7,25.3,22.82,4.0,2.7,4.0,2026Q2,121,-10.5,-20.3,5.1,262,-0.4,-2.7,13.6,598.0,13.9,9.6,12.2,,,,,,21.1,,,
MWG,107135,10.87,3.13,1.38,BUY,17-Aug-26,140.0,92.8,98.6,49.0,49.0,0.0,177.0,2026Q2,10.9,3.0,29.2,11.16,0.0,0.0,,0.0,,1.89,20.72,5.63,0.0,0.0,0.0,0.0,68.1,57.2,21.51,4.0,3.37,38.0,2026Q2,4033,98.8,100.4,29.6,7361,85.7,88.4,29.1,12031.0,98.3,103.6,24.5,,,,,,73.2,91.3,,
DMX,97741,,5.55,,BUY,21-Sep-26,130.6,69.4,78.8,9.0,49.0,0.0,30.5,,,,,,,,,,,,,,,,,,,,,,,,2026Q2,3318,97.5,98.3,25.5,6094,72.3,73.0,27.4,,,,,,,,,,77.0,69.6,,
FRT,26214,23.05,5.46,0.0,BUY,22-Sep-26,181.4,23.7,23.7,33.1,49.0,0.0,76.6,2026Q2,23.05,5.46,27.54,4.7,0.0,0.0,,0.0,,3.57,19.69,2.45,0.0,0.0,0.0,0.0,84.5,94.1,32.35,32.0,6.87,35.0,2026Q2,566,174.1,187.8,37.2,1038,116.6,119.4,33.3,1778.0,110.3,111.1,30.9,,,,,,142.9,26.9,,
DGW,9996,11.97,2.69,2.21,O-PF,18-Jun-26,45.4,0.4,2.7,27.3,49.0,0.0,94.5,2026Q2,11.95,2.7,23.8,7.76,0.0,0.0,,0.0,,2.34,9.92,2.7,0.0,0.0,0.0,0.0,58.6,19.0,18.29,19.0,3.08,19.0,2026Q2,388,195.1,167.3,26.9,645,140.1,129.9,40.2,1050.0,73.3,72.7,33.5,,0.0,,51.5,,45.6,-0.4,,12.9
PNJ,12665,5.19,0.94,6.41,O-PF,11-Sep-26,42.9,73.3,73.3,46.2,49.0,0.0,152.7,2026Q2,5.18,0.94,18.4,12.44,0.0,0.0,,0.0,,0.6,15.6,5.62,0.0,0.0,0.0,0.0,3.8,10.7,15.3,7.0,2.97,4.0,2026Q2,-1003,-283.2,-269.1,11.6,862,-38.5,-34.6,49.3,3008.0,16.4,18.5,32.0,,4.0,78.52,85.43,BUY,23.05,86.1,240.7,270.6
MSN,108828,15.43,2.72,0.0,BUY,21-May-25,101.2,42.7,42.7,24.2,100.0,0.0,299.3,2026Q2,15.31,2.58,19.37,5.38,0.0,0.0,,0.0,,1.88,31.61,10.29,0.0,0.0,0.0,0.0,112.9,64.2,36.7,22.0,3.66,8.0,2026Q2,4163,125.5,202.8,53.5,6483,111.3,206.6,40.1,11302.0,55.0,150.3,18.6,,,,,,70.7,43.1,,
MCH,181599,25.93,11.31,2.9,M-PF,28-Nov-25,163.0,17.4,21.1,16.0,100.0,0.0,85.9,2026Q2,25.61,9.66,40.08,21.17,0.0,0.0,,0.0,,0.74,45.6,21.85,0.0,0.0,0.0,0.0,-11.2,-28.2,15.07,88.0,5.32,92.0,2026Q2,1740,12.6,11.0,14.2,3829,13.2,11.6,13.6,8210.0,-3.0,-4.2,5.7,,0.0,,165.0,,139.2,17.1,,18.5
VNM,122471,11.17,3.84,4.87,BUY,24-Apr-25,70.3,20.0,26.8,49.8,100.0,36.0,144.4,2026Q2,11.17,3.84,33.86,19.76,0.0,0.0,,0.0,,0.61,42.15,15.92,0.0,0.0,0.0,0.0,26.1,-7.4,15.07,0.0,4.37,12.0,2026Q2,3899,25.9,28.0,12.7,6914,37.0,38.4,18.0,13516.0,27.1,27.9,13.7,,10.0,74.35,75.57,BUY,57.3,22.7,29.8,31.9
SAB,55535,11.63,3.53,11.55,BUY,06-Jan-26,59.0,36.3,47.8,58.8,100.0,36.0,20.4,2026Q2,11.63,2.84,22.28,15.09,0.0,0.0,,0.0,,0.48,37.75,18.83,0.0,0.0,0.0,0.0,10.4,-0.1,17.38,4.0,3.0,62.0,2026Q2,1537,-1.6,-3.4,1.2,3085,19.4,17.5,5.8,6153.0,16.2,16.9,-8.9,,2.0,59.75,59.48,BUY,42.45,39.0,40.8,40.1
QNS,19153,9.89,1.86,7.68,O-PF,30-Aug-24,53.4,3.1,10.8,9.1,50.0,0.0,15.1,2026Q2,9.89,1.8,18.41,12.99,0.0,0.0,,0.0,,0.49,33.92,16.93,0.0,0.0,0.0,0.0,-0.2,-19.6,9.6,54.0,1.98,42.0,2026Q2,663,6.8,3.7,12.7,1110,4.8,2.1,16.7,2264.0,-4.1,-7.4,13.4,,1.0,66.1,60.0,BUY,53.1,0.6,24.5,13.0
KDC,14038,25.13,2.43,2.48,,,,,,13.1,50.0,0.0,4.4,2026Q2,26.35,2.43,8.48,4.21,0.0,0.0,,0.0,,1.05,19.68,6.79,0.0,0.0,0.0,0.0,555.9,110.1,28.93,26.0,2.34,73.0,2026Q2,111,-15.5,-48.3,-7.3,149,76.3,140.4,4.5,791.0,488.6,940.7,3.3,,,,,,50.8,,,
HPG,169281,7.29,1.2,2.27,BUY,18-Aug-26,32.7,63.1,66.1,21.6,49.0,0.0,365.8,2026Q2,7.29,1.2,17.38,8.91,0.0,0.0,,0.0,,0.97,16.44,12.26,0.0,0.0,0.0,0.0,61.3,19.8,13.84,25.0,1.56,15.0,2026Q2,7185,44.5,49.7,53.6,17947,103.7,102.2,47.0,27175.0,75.2,72.8,34.3,,1.0,36.6,36.6,BUY,20.05,63.1,82.5,82.5
HSG,8073,12.3,0.68,0.0,M-PF,18-Apr-25,10.4,4.0,9.0,3.1,49.0,0.0,21.8,2026Q2,12.3,0.68,5.71,3.07,0.0,0.0,,0.0,,0.87,12.72,1.84,0.0,0.0,0.0,0.0,-10.7,26.7,13.88,41.0,0.98,7.0,2026Q2,446,53.6,39.6,5.1,596,14.7,5.1,5.6,809.0,49.0,41.0,-6.7,,,,,,9.98,4.2,,
NKG,4652,27.93,0.61,0.0,M-PF,18-Apr-25,11.9,25.9,25.9,4.3,50.0,0.0,15.6,2026Q2,27.93,0.61,2.18,0.99,0.0,0.0,,0.0,,1.4,5.41,1.15,0.0,0.0,0.0,0.0,-34.8,-58.0,12.55,81.0,0.85,12.0,2026Q2,163,45.1,13.7,9.0,188,-2.7,-19.5,-6.2,236.0,-19.1,-30.7,-18.4,,,,,,9.2,29.3,,
GMD,33982,13.24,2.48,5.23,BUY,24-Aug-26,95.8,22.0,24.8,38.9,49.0,0.0,57.5,2026Q2,13.03,2.47,19.34,12.74,0.0,0.0,,0.0,,0.36,47.14,48.59,0.0,0.0,0.0,0.0,74.8,-23.1,17.59,27.0,2.33,73.0,2026Q2,1551,128.9,152.5,17.9,2267,79.9,95.5,16.0,3528.0,65.5,81.5,17.5,,,,,,77.6,23.5,,
HAH,9880,7.7,2.09,6.08,,,,,,5.9,30.0,0.0,50.0,2026Q2,7.02,1.92,27.13,14.19,0.0,0.0,,0.0,,0.69,39.36,28.11,0.0,0.0,0.0,0.0,16.5,74.3,8.12,42.0,1.92,65.0,2026Q2,579,12.9,2.9,20.3,1015,20.0,13.0,14.5,1892.0,19.4,19.5,13.9,,,,,,51.2,,,
VSC,4923,14.34,0.88,3.04,,,,,,2.2,49.0,0.0,110.1,2026Q2,14.34,0.88,6.38,2.58,0.0,0.0,,0.0,,1.05,39.75,16.85,0.0,0.0,0.0,0.0,-24.0,11.5,16.18,38.0,1.32,4.0,2026Q2,287,62.4,59.8,6.7,381,22.1,1.1,15.6,751.0,18.5,-18.3,15.7,,2.0,25.5,25.5,BUY,12.7,,100.8,100.8
DGC,13444,6.32,1.05,8.47,O-PF,20-Jul-26,52.1,47.2,50.0,3.0,49.0,0.0,35.0,2026Q2,6.32,0.85,13.75,11.15,0.0,0.0,,0.0,,0.19,24.82,22.67,0.0,0.0,0.0,0.0,-32.5,5.5,9.27,28.0,2.82,8.0,2026Q2,499,-49.4,-54.9,-16.5,997,-49.3,-52.2,-20.4,2600.0,-28.4,-31.5,-5.5,,,,,,35.5,46.8,,
DCM,17841,6.82,1.71,5.93,BUY,04-Sep-26,35.8,6.2,12.2,5.9,49.0,75.6,120.2,2026Q2,6.82,1.56,23.64,13.98,0.0,0.0,,0.0,,0.9,28.0,13.63,0.0,0.0,0.0,0.0,38.1,33.4,10.64,23.0,1.72,46.0,2026Q2,1184,33.3,35.4,11.1,2062,53.6,54.7,27.0,2927.0,56.8,55.0,17.7,,0.0,,40.0,,32.75,9.3,,22.1
DPM,15230,8.59,1.47,3.94,O-PF,04-Sep-26,23.9,6.7,13.4,3.4,50.0,59.6,89.3,2026Q2,8.59,1.34,15.6,9.68,0.0,0.0,,0.0,,0.6,20.21,9.1,0.0,0.0,0.0,0.0,115.1,53.3,11.73,38.0,1.26,77.0,2026Q2,1116,122.4,124.8,31.8,1631,116.1,115.1,33.8,2229.0,163.6,172.4,26.1,,,,,,21.85,9.4,,
CSV,2204,8.26,1.27,5.01,,,,,,0.9,50.0,65.0,4.5,2026Q2,8.26,1.27,16.53,12.36,0.0,0.0,,0.0,,0.29,25.52,11.37,0.0,0.0,0.0,0.0,18.5,-5.7,10.75,35.0,1.53,23.0,2026Q2,171,89.0,107.6,31.3,228,41.5,50.3,30.8,360.0,8.1,11.1,21.7,,,,,,20.05,,,
REE,29861,11.31,1.37,1.8,BUY,20-Aug-26,60.8,26.9,29.0,49.0,49.0,5.3,18.4,2026Q2,11.3,1.37,12.55,6.59,0.0,0.0,,0.0,,0.61,38.12,32.1,0.0,0.0,0.0,0.0,2.1,29.6,11.84,38.0,1.65,19.0,2026Q2,884,6.6,1.3,-3.5,1938,12.2,9.0,6.9,3732.0,11.7,10.3,15.4,,5.0,63.4,64.24,BUY,47.4,28.3,33.8,35.5
PC1,8308,7.19,1.24,0.0,O-PF,21-Jul-26,24.7,22.3,22.3,8.3,50.0,0.0,31.6,2026Q2,7.19,1.24,17.88,4.73,0.0,0.0,,0.0,,1.72,21.49,12.2,0.0,0.0,0.0,0.0,104.0,21.2,16.58,0.0,1.47,8.0,2026Q2,253,25.0,-8.3,-30.6,563,54.0,57.9,-12.3,1756.0,112.6,171.7,30.5,,,,,,19.25,28.3,,
POW,39575,6.65,0.96,0.0,BUY,17-Aug-26,17.8,38.0,38.0,3.9,50.0,79.9,77.7,2026Q2,6.29,0.96,16.16,6.33,0.0,0.0,,0.0,,1.39,17.99,13.36,0.0,0.0,0.0,0.0,203.1,86.6,18.49,4.0,0.95,54.0,2026Q2,3922,384.3,460.3,116.1,5329,303.7,336.7,86.0,7243.0,265.2,299.7,53.2,,5.0,16.9,16.65,BUY,12.7,40.2,33.1,31.1
NT2,6319,5.04,1.26,3.19,BUY,10-Aug-26,29.0,32.1,41.2,9.4,49.0,61.8,11.3,2026Q2,5.04,1.26,25.86,13.26,0.0,0.0,,0.0,,1.13,14.94,13.28,0.0,0.0,0.0,0.0,92.5,686.6,11.37,8.0,1.53,8.0,2026Q2,385,5.5,-5.7,35.7,608,48.9,34.3,42.4,1468.0,167.7,160.3,34.9,,,,,,22.3,30.0,,
GEG,5149,12.9,0.99,0.79,,,,,,44.9,50.0,0.0,1.9,2026Q2,13.0,0.86,7.86,2.62,0.0,0.0,,0.0,,1.29,51.35,17.17,0.0,0.0,0.0,0.0,-37.5,465.9,18.14,23.0,1.14,15.0,2026Q2,19,-89.9,-83.0,-7.0,305,-61.4,-56.8,-22.4,494.0,-39.2,-27.1,-8.0,,,,,,11.8,,,
GAS,197862,15.56,2.88,2.49,BUY,29-Jul-26,90.0,9.8,13.4,2.1,49.0,95.8,137.2,2026Q2,16.01,2.88,18.89,13.27,0.0,0.0,,0.0,,0.46,12.64,8.11,0.0,0.0,0.0,0.0,5.1,13.0,15.89,42.0,2.88,50.0,2026Q2,7453,24.6,23.4,43.8,11208,19.1,17.3,45.8,16157.0,6.5,5.3,51.6,,,,,,78.8,14.2,,
PVS,20866,9.91,1.35,0.0,BUY,10-Aug-26,49.0,44.1,44.1,15.9,49.0,51.4,134.3,2026Q2,9.91,1.35,13.99,5.21,0.0,0.0,,0.0,,1.58,7.33,6.3,0.0,0.0,0.0,0.0,45.0,35.8,19.75,4.0,1.19,73.0,2026Q2,754,66.4,49.3,16.5,1282,53.1,37.7,29.2,2650.0,52.2,67.0,31.4,,8.0,51.4,50.19,BUY,33.5,46.3,53.4,49.8
PVD,17024,15.3,0.98,1.66,O-PF,21-Aug-26,22.0,19.9,19.9,8.1,50.0,50.4,111.5,2026Q2,15.3,0.98,6.52,3.88,0.0,0.0,,0.0,,0.69,18.46,8.5,0.0,0.0,0.0,0.0,24.9,27.6,20.4,17.0,0.93,58.0,2026Q2,262,-18.3,-31.9,24.1,658,27.2,19.6,63.0,1523.0,47.9,40.1,45.2,,5.0,24.32,22.91,BUY,18.0,22.2,35.1,27.3
PLX,46567,14.5,1.92,3.29,BUY,13-Oct-25,41.1,12.1,15.4,14.2,20.0,75.9,191.9,2026Q2,14.51,1.84,12.46,3.45,0.0,0.0,,0.0,,2.03,5.12,0.94,0.0,0.0,0.0,0.0,23.1,-8.1,18.46,4.0,1.88,58.0,2026Q2,3394,106.1,104.9,77.7,2898,44.5,35.8,62.6,4537.0,50.3,52.2,43.1,,2.0,47.05,45.62,BUY,35.8,14.8,31.4,27.4
BSR,156979,7.89,2.15,0.0,BUY,28-Sep-26,35.8,14.2,16.4,1.6,49.0,92.1,401.4,2026Q2,7.89,2.11,30.48,20.87,0.0,0.0,,0.0,,0.42,12.96,11.21,0.0,0.0,0.0,0.0,862.4,227.6,9.7,39.0,1.24,92.0,2026Q2,8677,784.5,806.5,59.7,17926,1134.1,1180.2,52.4,22478.0,29104.9,,30.0,,,,,,30.45,17.6,,
PVT,12277,8.6,1.29,0.0,BUY,13-Aug-26,25.2,6.1,10.3,15.7,49.0,51.0,173.6,2026Q2,8.6,1.29,16.09,6.45,0.0,0.0,,0.0,,0.86,15.38,9.6,0.0,0.0,0.0,0.0,45.3,-10.1,9.12,31.0,1.2,62.0,2026Q2,866,98.6,96.3,29.3,1366,75.1,76.1,37.3,2241.0,24.7,31.7,39.9,,5.0,27.09,26.59,BUY,23.5,7.2,15.3,13.1
VHM,561894,7.03,2.13,0.0,M-PF,28-Aug-26,74.0,8.2,8.2,6.4,50.0,0.0,734.1,2026Q2,7.03,2.13,32.58,9.02,0.0,0.0,,0.0,,2.91,44.16,35.83,0.0,0.0,0.0,0.0,217.3,-16.5,7.57,38.0,1.67,65.0,2026Q2,32561,260.5,202.1,174.6,63287,391.6,373.0,238.1,103225.0,158.3,164.5,134.9,,3.0,167.56,154.66,BUY,67.9,9.0,146.8,127.8
VIC,1695327,79.59,9.91,0.0,SELL,14-Sep-26,117.0,-46.8,-46.8,3.1,48.0,0.0,1048.0,2026Q2,79.94,9.99,13.9,1.81,0.0,0.0,,0.0,,5.83,20.2,6.48,0.0,0.0,0.0,0.0,141.6,-24.7,52.82,67.0,2.13,88.0,2026Q2,22863,505.3,,153.3,34400,208.3,164.8,70.4,49679.0,133.1,57.5,65.8,,,,,,224.0,-47.8,,
VRE,54876,7.57,1.15,0.0,BUY,04-Sep-26,35.6,47.4,47.4,11.0,49.0,0.0,123.3,2026Q2,7.57,1.11,15.0,11.77,0.0,0.0,,0.0,,0.27,54.16,78.54,0.0,0.0,0.0,0.0,48.8,19.0,16.33,4.0,1.6,19.0,2026Q2,1996,29.2,30.4,10.8,3995,32.2,33.4,9.2,9057.0,64.4,64.7,8.9,,6.0,40.2,38.76,BUY,23.6,50.8,70.3,64.2
KDH,17002,9.67,0.91,0.0,BUY,28-Aug-26,31.7,109.2,109.2,23.6,50.0,0.0,72.6,2026Q2,9.67,0.91,9.5,4.8,0.0,0.0,,0.0,,0.98,69.2,72.31,0.0,0.0,0.0,0.0,82.7,10.3,26.27,4.0,1.85,0.0,2026Q2,802,226.9,277.6,-84.7,1158,188.0,221.8,-74.9,2795.0,185.0,122.6,-17.9,,1.0,35.7,35.7,BUY,15.1,109.9,136.4,136.4
NLG,10599,17.18,0.85,2.23,BUY,28-Aug-26,36.8,68.4,70.7,36.1,50.0,0.0,46.1,2026Q2,15.52,0.85,5.17,2.32,0.0,0.0,,0.0,,0.75,42.28,17.34,0.0,0.0,0.0,0.0,-35.5,104.2,21.12,38.0,1.42,8.0,2026Q2,94,-36.6,-44.4,-46.3,271,-6.9,-40.6,-17.9,1168.0,-41.2,-6.2,-40.1,,1.0,38.0,38.0,BUY,21.9,68.0,73.5,73.5
DXG,12935,67.31,0.9,0.0,BUY,28-Aug-26,14.6,43.1,43.1,15.7,50.0,0.0,109.3,2026Q2,65.11,0.9,1.39,0.51,0.0,0.0,,0.0,,0.88,49.39,10.63,0.0,0.0,0.0,0.0,-55.0,45.2,49.74,91.0,1.13,15.0,2026Q2,53,-80.4,-34.8,7.3,298,-29.5,-29.9,29.0,599.0,-30.0,-40.2,9.6,,,,,,9.99,46.1,,
NVL,33309,7.9,0.69,0.0,BUY,18-Jun-26,16.2,55.8,55.8,3.9,49.0,0.0,211.8,2026Q2,5.63,0.59,9.46,1.68,0.0,0.0,,0.0,,2.96,64.53,51.51,0.0,0.0,0.0,0.0,,,33.99,6.0,0.77,38.0,2026Q2,1222,,,-22.1,2571,,,37.2,5859.0,51.6,2447.1,-20.5,,,,,,10.45,55.0,,
PDR,11225,18.33,0.89,0.0,,,,,,6.9,50.0,0.0,44.5,2026Q2,18.17,0.89,4.96,2.3,0.0,0.0,,0.0,,1.27,62.88,60.22,0.0,0.0,0.0,0.0,193.8,26.2,23.13,28.0,1.57,0.0,2026Q2,115,13.6,24.1,168.5,505,205.6,84.3,-65.5,991.0,276.0,263.9,-7.6,,,,,,11.2,,,
KBC,23921,20.86,0.96,0.0,BUY,20-Aug-26,34.6,36.2,40.2,6.4,49.0,0.0,30.0,2026Q2,20.86,0.96,4.63,1.63,0.0,0.0,,0.0,,1.75,45.42,24.74,0.0,0.0,0.0,0.0,-35.0,361.9,18.53,65.0,1.24,8.0,2026Q2,228,-57.1,-98.2,2.5,547,-67.0,-80.5,-46.9,1819.0,-10.4,-18.9,-8.1,,,,,,25.2,37.3,,
IDC,14026,6.46,2.26,4.06,BUY,13-Aug-26,51.2,52.4,61.3,14.6,49.0,0.0,42.4,2026Q2,6.46,2.07,32.74,9.48,0.0,0.0,,0.0,,1.67,36.44,28.7,0.0,0.0,0.0,0.0,18.0,-7.8,9.48,15.0,2.81,19.0,2026Q2,833,60.4,104.9,28.8,1253,20.5,37.4,5.6,3131.0,36.3,43.9,12.8,,1.0,58.0,58.0,BUY,33.7,51.9,72.1,72.1
SZC,3087,19.34,0.96,5.82,O-PF,01-Jul-26,24.7,44.0,49.9,1.2,20.0,46.8,5.7,2026Q2,19.34,0.96,5.0,1.92,0.0,0.0,,0.0,,1.64,46.01,22.8,0.0,0.0,0.0,0.0,-49.7,-2.5,17.95,68.0,2.19,0.0,2026Q2,23,-80.4,-80.0,-39.3,44,-83.8,-83.7,-62.9,213.0,-51.7,-54.7,-31.8,,0.0,,42.9,,16.8,47.0,,155.4
BCM,40882,21.0,1.87,0.0,,,,,,0.3,34.0,95.4,22.2,2026Q2,21.0,1.87,8.85,3.2,0.0,0.0,,0.0,,1.78,65.81,51.28,0.0,0.0,0.0,0.0,-47.4,69.2,30.03,19.0,3.69,8.0,2026Q2,-34,-102.0,-99.1,-81.2,255,-87.7,-84.1,-65.2,1918.0,-54.9,-46.4,-51.9,,,,,,38.7,,,
VTP,10740,31.0,4.65,1.23,M-PF,25-May-26,71.8,35.0,35.0,3.9,49.0,61.2,35.7,2026Q2,24.17,4.65,18.29,4.74,0.0,0.0,,0.0,,2.49,5.52,1.66,0.0,0.0,0.0,0.0,16.2,-0.2,25.0,77.0,5.46,35.0,2026Q2,88,-30.3,-28.9,12.1,140,-35.0,-35.1,3.2,440.0,-14.6,-14.2,-1.2,,2.0,68.81,68.81,BUY,51.9,38.3,32.6,32.6
CTR,9160,13.99,4.42,2.66,O-PF,14-Apr-26,96.8,35.4,37.5,5.7,49.0,65.7,15.2,2026Q2,13.99,4.09,30.16,7.62,0.0,0.0,,0.0,,3.32,6.71,4.11,0.0,0.0,0.0,0.0,11.6,9.0,20.71,4.0,5.56,19.0,2026Q2,213,17.6,18.4,28.4,402,19.8,20.6,33.2,812.0,15.7,16.1,22.9,,,,,,71.2,36.0,,
VGI,248198,20.15,8.9,0.92,,,,,,0.0,0.0,99.0,20.7,2026Q2,20.15,6.55,30.58,14.8,0.0,0.0,,0.0,,1.28,50.93,28.69,0.0,0.0,0.0,0.0,32.9,64.8,38.09,6.0,5.41,88.0,2026Q2,5006,26.6,50.3,28.4,8490,61.3,129.4,29.2,18401.0,64.4,111.6,28.6,,,,,,80.4,,,
VJC,99675,45.79,3.79,0.0,O-PF,15-Mar-24,114.0,-12.0,-12.0,6.2,30.0,0.0,140.4,2026Q2,45.79,3.79,8.58,1.59,0.0,0.0,,0.0,,4.65,8.37,2.25,0.0,0.0,0.0,0.0,27.0,20.2,46.79,50.0,3.67,58.0,2026Q2,420,-48.4,-48.8,70.6,1562,-5.4,4.2,43.8,2541.0,2.7,16.7,32.4,,,,,,129.4,-11.9,,
HVN,64537,14.2,6.82,0.0,O-PF,22-Jul-25,37.1,78.8,78.8,8.4,30.0,86.4,16.3,2026Q2,13.33,6.82,58.07,5.95,0.0,0.0,,0.0,,6.73,11.34,3.64,0.0,0.0,0.0,0.0,-58.7,55.0,9.32,82.0,16.5,0.0,2026Q2,-498,-116.1,-127.7,36.8,4183,-37.7,-42.5,28.4,5635.0,-40.9,-47.3,23.1,,,,,,20.55,80.5,,
ACV,140316,12.56,1.89,0.0,M-PF,19-Aug-26,43.3,10.5,10.5,1.7,49.0,95.4,12.1,2026Q2,12.62,1.89,15.71,12.27,0.0,0.0,,0.0,,0.27,59.48,50.81,0.0,0.0,0.0,0.0,4.5,2.1,21.03,5.0,3.79,4.0,2026Q2,4097,27.5,20.0,-0.3,8243,16.4,6.2,3.7,16573.0,19.1,12.8,9.4,,,,,,39.2,10.5,,
BMP,11714,9.13,4.11,10.38,BUY,17-Jun-26,163.0,13.9,24.7,82.4,100.0,0.0,9.7,2026Q2,9.13,4.11,42.56,35.34,0.0,0.0,,0.0,,0.18,47.24,22.93,0.0,0.0,0.0,0.0,7.1,21.0,10.08,27.0,3.35,88.0,2026Q2,459,11.3,11.3,0.9,839,8.8,8.8,3.2,1607.0,12.9,12.8,8.6,,,,,,141.0,15.6,,
CTD,6631,8.42,0.69,1.53,,,,,,46.5,50.0,0.0,14.2,2026Q2,8.42,0.69,8.34,2.27,0.0,0.0,,0.0,,3.01,4.21,2.29,0.0,0.0,0.0,0.0,18.5,78.2,21.21,10.0,0.77,42.0,2026Q2,205,-13.2,-27.4,27.1,358,19.6,2.5,27.5,1020.0,84.8,72.7,38.0,,,,,,57.8,,,
HHV,5142,8.18,0.45,0.0,,,,,,10.5,49.0,0.0,20.0,2026Q2,7.69,0.45,5.75,1.54,0.0,0.0,,0.0,,2.15,44.96,18.42,0.0,0.0,0.0,0.0,11.2,41.0,12.78,8.0,0.95,4.0,2026Q2,198,13.4,10.9,2.5,443,20.0,17.3,11.6,847.0,27.3,26.3,14.6,,,,,,8.83,,,
VCG,9530,2.33,0.88,0.12,,,,,,1.9,49.0,0.0,26.7,2026Q2,2.33,0.84,35.6,13.78,0.0,0.0,,0.0,,1.24,11.84,26.32,0.0,0.0,0.0,0.0,3.1,329.0,14.26,4.0,1.47,8.0,2026Q2,342,-9.0,-21.6,-13.0,793,42.3,40.6,3.7,4731.0,298.4,430.3,13.4,,1.0,23.1,22.66,BUY,13.3,,73.7,70.4
C4G,1707,21.75,0.43,0.0,,,,,,0.0,0.0,0.0,0.7,2026Q2,21.74,0.43,1.97,0.85,0.0,0.0,,0.0,,1.29,13.51,2.7,0.0,0.0,0.0,0.0,-12.9,-49.7,20.84,69.0,0.84,8.0,2026Q2,23,73.3,93.4,-19.1,34,-2.1,-13.8,-18.9,114.0,-15.2,-24.2,-12.6,,,,,,4.7,,,
GEX,31076,22.63,1.57,2.32,BUY,06-Jul-26,40.5,70.5,72.6,6.6,50.0,0.0,195.0,2026Q2,22.63,1.57,7.51,1.76,0.0,0.0,,0.0,,1.49,20.26,6.98,0.0,0.0,0.0,0.0,-34.2,27.2,22.63,48.0,1.56,54.0,2026Q2,1809,17.1,-17.8,43.1,2616,19.4,-11.8,39.7,5046.0,25.1,-12.2,26.6,,,,,,22.9,76.9,,
VGC,19952,14.02,2.69,4.94,BUY,11-May-26,66.8,50.1,55.1,0.9,49.0,38.6,20.4,2026Q2,14.02,2.37,16.23,5.34,0.0,0.0,,0.0,,1.36,28.36,12.76,0.0,0.0,0.0,0.0,2.7,25.4,16.55,23.0,2.51,65.0,2026Q2,1036,42.2,28.5,38.2,1452,27.2,2.6,27.2,2513.0,14.4,-5.0,18.4,,2.0,62.25,62.25,BUY,43.85,52.3,42.0,42.0
SIP,11924,8.39,2.47,10.15,BUY,20-Jul-26,58.9,19.6,25.7,2.3,49.0,1.8,3.7,2026Q2,8.39,2.47,27.66,4.88,0.0,0.0,,0.0,,4.6,15.96,17.07,0.0,0.0,0.0,0.0,7.2,12.7,11.32,15.0,3.05,27.0,2026Q2,556,37.0,40.4,13.3,1004,10.8,15.3,12.4,1937.0,10.5,12.6,12.2,,7.0,74.0,74.45,BUY,48.6,21.2,52.3,53.2
VHC,10452,7.2,1.11,4.29,O-PF,30-Jul-26,58.6,17.4,23.4,17.5,100.0,0.0,15.3,2026Q2,7.7,1.11,15.02,10.72,0.0,0.0,,0.0,,0.38,17.59,12.29,0.0,0.0,0.0,0.0,-12.9,27.1,9.77,12.0,1.67,0.0,2026Q2,570,-6.6,-7.7,6.3,911,5.3,4.7,8.7,1796.0,3.5,0.4,1.9,,5.0,73.3,73.22,BUY,50.7,15.6,44.6,44.4
ANV,4233,4.89,1.1,6.39,,,,,,2.6,49.0,0.0,6.2,2026Q2,4.89,1.1,23.62,14.44,0.0,0.0,,0.0,,0.67,19.64,10.95,0.0,0.0,0.0,0.0,14.8,1474.8,18.0,8.0,1.5,8.0,2026Q2,163,-55.9,-59.5,12.2,400,-22.1,-29.0,33.4,1039.0,83.9,73.7,42.7,,,,,,17.0,,,
PTB,2922,5.45,0.81,4.81,O-PF,06-Oct-25,52.0,78.7,85.9,14.4,25.0,0.0,3.1,2026Q2,4.97,0.81,15.96,8.39,0.0,0.0,,0.0,,0.81,20.21,6.97,0.0,0.0,0.0,0.0,7.7,48.0,8.9,12.0,1.35,8.0,2026Q2,163,3.4,2.1,9.6,353,16.5,16.6,18.6,682.0,29.2,31.8,14.5,,,,,,29.4,76.9,,
DHG,11702,12.14,3.42,5.59,,,,,,54.0,100.0,43.3,0.7,2026Q2,12.14,3.42,24.09,18.33,0.0,0.0,,0.0,,0.46,48.85,17.68,0.0,0.0,0.0,0.0,5.0,18.3,14.81,0.0,3.14,73.0,2026Q2,358,31.5,26.1,15.1,706,24.8,22.1,7.7,1127.0,11.9,11.5,11.2,,,,,,89.4,,,
IMP,5621,15.6,2.5,1.37,,,,,,72.6,78.0,22.0,0.2,2026Q2,15.6,2.4,15.62,12.51,0.0,0.0,,0.0,,0.26,42.0,15.51,0.0,0.0,0.0,0.0,-0.5,12.9,20.6,15.0,2.48,50.0,2026Q2,118,2.6,4.0,-11.1,221,5.0,6.8,-9.6,457.0,0.7,0.7,-4.2,,,,,,36.6,,,
GVR,131000,18.7,2.17,1.22,M-PF,20-Jul-26,32.1,-2.0,-0.8,0.6,0.0,96.8,81.9,2026Q2,18.7,2.17,11.98,8.04,0.0,0.0,,0.0,,0.35,28.48,23.37,0.0,0.0,0.0,0.0,11.6,57.4,24.62,19.0,2.1,58.0,2026Q2,2865,46.7,49.5,20.2,5825,65.6,67.7,37.7,9332.0,29.2,31.6,18.5,,,,,,32.75,-2.0,,
PHR,8256,8.83,1.77,2.22,BUY,15-Jul-26,45.9,35.6,37.8,10.2,0.0,66.6,20.3,2026Q2,8.83,1.77,21.95,14.52,0.0,0.0,,0.0,,0.44,28.07,47.98,0.0,0.0,0.0,0.0,39.6,45.6,12.81,35.0,1.99,23.0,2026Q2,453,275.8,300.3,10.4,806,244.3,244.9,28.7,1172.0,93.4,83.8,15.9,,0.0,,68.4,,33.2,38.3,,106.0
DPR,3341,9.34,1.23,5.19,,,,,,2.6,50.0,55.2,13.6,2026Q2,9.34,1.23,13.61,7.56,0.0,0.0,,0.0,,0.37,38.66,29.15,0.0,0.0,0.0,0.0,2.8,32.7,12.38,23.0,1.3,38.0,2026Q2,126,60.4,55.8,39.1,276,58.7,58.1,63.3,527.0,40.6,40.4,19.4,,,,,,38.15,,,
BAF,11383,121.65,2.61,0.0,,,,,,4.1,50.0,0.0,49.3,2026Q2,121.65,2.61,2.2,0.81,0.0,0.0,,0.0,,2.09,13.68,1.47,0.0,0.0,0.0,0.0,-82.1,12.2,23.58,88.0,2.25,79.0,2026Q2,125,-41.0,-50.7,53.3,337,-4.7,-9.7,54.9,83.0,-85.0,-81.5,15.9,,1.0,40.1,40.1,HOLD,30.8,,30.2,30.2
DBC,6466,5.6,0.76,1.79,,,,,,1.2,49.0,0.0,18.2,2026Q2,5.6,0.76,14.02,7.11,0.0,0.0,,0.0,,1.08,15.45,7.29,0.0,0.0,0.0,0.0,-27.7,75.9,8.65,25.0,1.35,12.0,2026Q2,325,-39.5,-43.0,11.3,726,-32.3,-34.7,12.8,1277.0,-23.6,-26.3,8.8,,,,,,15.4,,,
HAG,18694,5.64,1.19,0.0,,,,,,1.7,49.0,0.0,25.8,2026Q2,5.42,1.19,23.55,12.24,0.0,0.0,,0.0,,0.62,37.43,52.7,0.0,0.0,0.0,0.0,98.6,65.2,8.78,4.0,1.66,4.0,2026Q2,1127,125.2,82.6,-46.1,2290,166.6,143.0,-18.0,3633.0,160.2,142.1,0.5,,,,,,14.8,,,
VPI,20560,51.06,3.8,0.02,,,,,,10.1,49.0,0.0,118.3,2026Q2,51.06,3.8,7.65,2.69,0.0,0.0,,0.0,,1.76,39.67,16.8,0.0,0.0,0.0,0.0,9.5,3.3,39.21,69.0,3.79,50.0,2026Q2,227,1253.0,3224.6,369.3,260,48.3,8.3,163.8,605.0,44.2,12.9,31.8,,,,,,58.8,,,
TCM,1818,8.25,0.76,6.1,,,,,,48.0,50.0,0.0,12.5,2026Q2,8.25,0.76,9.1,5.29,0.0,0.0,,0.0,,0.77,14.75,5.95,0.0,0.0,0.0,0.0,-22.5,2.9,18.44,4.0,2.01,8.0,2026Q2,57,-44.5,-44.7,10.9,139,-30.7,-30.6,5.0,277.0,-27.3,-27.0,-4.5,,,,,,15.3,,,
MSR,62853,25.87,4.73,0.0,,,,,,1.0,100.0,0.0,111.8,2026Q2,25.89,4.37,18.97,8.26,0.0,0.0,,0.0,,1.56,24.48,15.61,0.0,0.0,0.0,0.0,,,42.07,25.0,1.35,96.0,2026Q2,1748,9573.0,29414.7,404.1,2329,,,270.2,2576.0,5841.7,,46.8,,,,,,60.3,,,
NTP,10693,8.97,2.45,4.8,,,,,,16.0,50.0,37.1,11.0,2026Q2,8.97,2.45,28.31,17.2,0.0,0.0,,0.0,,0.69,33.02,16.71,0.0,0.0,0.0,0.0,18.5,36.8,11.74,19.0,2.38,65.0,2026Q2,577,51.2,49.0,8.9,880,38.5,37.5,11.8,1441.0,30.0,29.5,13.5,,,,,,51.3,,,
TLG,5232,11.38,2.14,6.29,O-PF,23-Sep-26,56.1,3.5,8.1,9.6,100.0,0.0,11.1,2026Q2,11.35,2.05,18.35,12.6,0.0,0.0,,0.0,,0.49,49.55,10.25,0.0,0.0,0.0,0.0,9.2,-8.5,11.16,58.0,2.02,85.0,2026Q2,253,-9.6,-10.6,8.6,399,4.8,4.4,15.4,590.0,7.3,6.3,18.6,,1.0,61.6,59.35,BUY,54.5,2.9,13.0,8.9
SCS,4516,5.99,3.26,12.82,M-PF,22-Sep-26,43.4,-0.9,11.6,7.5,30.0,13.6,3.6,2026Q2,5.93,2.59,46.03,35.46,0.0,0.0,,0.0,,0.42,77.62,63.36,0.0,0.0,0.0,0.0,3.9,5.7,11.9,4.0,4.45,15.0,2026Q2,235,-0.4,-0.3,-4.3,453,0.7,0.8,-1.2,943.0,10.8,5.4,6.4,,1.0,85.0,76.9,BUY,43.4,0.0,95.9,77.2
