last_date,close,chg_1d_pct,ret_1w,ret_1m,ret_3m,ret_6m,ret_1y,ret_3y,ret_ytd,high_52w,low_52w,high_52w_date,low_52w_date,all_time_high_in_data,ma20,ma50,ma100,ma200,rsi14,atr14,atr14_pct,vol_1y_ann_pct,max_dd_1y_pct,low_20d,high_20d,low_60d,high_60d,low_120d,high_120d,avg_value_20d,n_bars,pct_vs_ma20,pct_vs_ma50,pct_vs_ma100,pct_vs_ma200,pct_from_52w_high,pct_from_52w_low,symbol,source,group,beta_vs_vnindex,xcheck_sources,xcheck_max_diff_pct,name
2026-10-02,1737.71,-0.66,-2.66,-5.15,-6.68,3.19,5.14,55.42,-2.62,1933.11,1578.42,2026-05-19,2025-11-11,1933.11,1797.2025,1773.0956,1808.2671,1795.6501,35.6,23.907142857142876,1.38,20.9,-16.4,1731.03,1874.48,1651.2,1874.48,1651.2,1933.11,1175441676532.27,1600,-3.31,-2.0,-3.9,-3.23,-10.11,10.09,VNINDEX,vndirect,index,,3.0,0.0,
2026-10-02,1875.99,-0.77,-3.22,-5.39,-6.32,2.1,0.87,65.89,-7.62,2121.13,1740.29,2026-01-08,2026-03-23,2121.13,1942.009,1918.5458,1951.6882,1959.239,34.6,26.100714285714293,1.39,21.1,-17.0,1871.33,2000.42,1792.15,2002.01,1792.15,2092.06,556633141909.1755,1600,-3.4,-2.22,-3.88,-4.25,-11.56,7.8,VN30,vndirect,index,0.96,3.0,0.0,
2026-10-02,266.75,-0.71,-2.01,-6.33,-13.27,7.27,-1.04,17.68,7.23,339.91,233.54,2026-06-18,2026-03-09,500.09,274.0865,278.5466,287.7284,270.0383,33.0,4.349999999999999,1.63,23.7,-20.6,263.81,283.9,263.81,313.79,245.4,339.91,10372651577.8955,1492,-2.68,-4.24,-7.29,-1.22,-21.52,14.22,HNXINDEX,ssi,index,0.59,1.0,,
2026-10-02,34.19,-0.09,-1.18,-4.15,-5.0,4.56,4.24,74.88,-5.26,37.4,30.85,2026-02-23,2026-03-23,37.4,34.931,34.5084,35.0172,34.9792,39.3,0.4557142857142854,1.33,18.9,-15.9,33.6,35.84,32.12,35.9,32.12,36.9,17098916.0,1600,-2.12,-0.92,-2.36,-2.26,-8.58,10.83,E1VFVN30,vndirect,etf,0.74,3.0,0.0,
2026-10-02,32.66,-1.0,-3.14,-6.63,-10.62,-8.8,-14.97,26.88,-14.73,40.82,30.6,2026-02-27,2026-07-28,41.0,33.6565,33.473,34.6775,36.3652,35.8,0.4635714285714282,1.42,20.6,-23.0,32.46,34.5,30.6,36.0,30.6,38.0,7084878.35,1594,-2.96,-2.43,-5.82,-10.19,-19.99,6.73,FUEVFVND,vndirect,etf,0.68,3.0,0.0,
2026-10-02,28.02,-1.09,-3.28,-5.34,-7.28,-2.3,-16.23,56.01,-7.71,35.0,26.37,2025-10-08,2026-07-28,35.55,28.7475,28.4002,28.9472,29.5099,42.5,0.5171428571428572,1.85,23.8,-23.1,28.02,29.74,26.37,30.21,26.37,30.53,754712.7,1600,-2.53,-1.34,-3.2,-5.05,-19.94,6.26,FUESSVFL,vndirect,etf,0.78,3.0,0.0,
2026-10-02,11.27,-1.57,-2.84,-8.82,-16.7,-26.58,-25.76,12.48,-23.9,16.71,11.27,2025-10-21,2026-10-02,16.71,11.705,11.9636,12.6593,13.6531,32.0,0.21857142857142836,1.94,27.3,-30.0,11.27,12.29,11.27,13.33,11.27,16.17,118686.65,999,-3.72,-5.8,-10.97,-17.45,-32.56,0.0,FUEDCMID,vndirect,etf,0.47,3.0,0.0,
2026-10-02,12.84,-0.77,-3.31,-5.8,-6.82,3.3,1.82,72.81,-6.75,14.55,11.36,2025-10-16,2026-03-10,14.55,13.352,13.2272,13.4025,13.3675,36.2,0.19642857142857142,1.53,25.7,-16.6,12.53,13.72,12.08,14.0,12.08,14.19,251862.45,1178,-3.83,-2.93,-4.2,-3.95,-11.75,13.03,FUEKIV30,vndirect,etf,0.9,3.0,0.0,
2026-10-02,24.57,-1.09,-3.08,-6.04,-7.91,0.29,-1.21,64.35,-3.72,29.89,23.58,2026-02-23,2026-03-30,29.89,25.4755,25.4012,25.8831,26.0016,36.0,0.5378571428571431,2.19,20.6,-16.5,24.0,26.49,23.7,27.5,23.7,28.01,1126045.6,1544,-3.55,-3.27,-5.07,-5.51,-17.8,4.2,FUEVN100,vndirect,etf,0.45,3.0,0.0,
2026-10-02,24.0,0.71,-2.2,-4.31,-5.1,2.35,1.69,70.7,-5.85,26.75,21.8,2025-10-14,2026-03-23,26.75,24.561,24.441,24.7366,24.7953,41.7,0.4485714285714284,1.87,22.2,-14.5,23.8,25.35,22.6,25.99,22.2,26.0,367450.35,1524,-2.28,-1.8,-2.98,-3.21,-10.28,10.09,FUESSV30,vndirect,etf,0.58,3.0,0.0,
2026-10-02,23.24,-0.73,-2.84,-5.03,-6.06,3.7,2.79,73.82,-6.33,25.53,21.15,2026-01-08,2026-03-24,25.53,23.972,23.6846,24.0522,23.9951,34.9,0.3664285714285703,1.58,21.6,-16.1,22.96,24.59,21.86,24.7,21.86,25.27,135087.15,1449,-3.05,-1.88,-3.38,-3.15,-8.97,9.88,FUEMAV30,vndirect,etf,0.88,3.0,0.0,
2026-10-02,57.1,-0.87,-1.55,-4.99,-7.13,-0.21,-6.61,0.47,0.14,78.146,52.6,2026-01-14,2026-07-23,78.146,58.535,58.303,59.6671,60.667,38.0,0.8642857142857149,1.51,27.6,-28.4,57.1,61.0,52.6,61.4,52.6,65.6505,262455729.5,1600,-2.45,-2.06,-4.3,-5.88,-26.93,8.56,VCB,vndirect,bank,0.73,3.0,0.0,
2026-10-02,34.8,-1.83,-2.66,-5.56,-10.98,-3.68,-5.16,24.81,-3.31,52.3684,32.1516,2026-01-22,2026-07-28,52.3684,36.0075,35.7816,37.2723,38.7397,36.4,0.8428571428571436,2.42,33.0,-36.2,34.8,37.85,32.1516,38.8599,32.1516,42.9309,132686980.75,1600,-3.35,-2.74,-6.63,-10.17,-33.55,8.24,BID,vndirect,bank,0.9,3.0,0.0,
2026-10-02,29.75,-1.0,-1.33,-6.89,-11.54,-10.62,-14.48,69.13,-15.5,42.8388,28.4,2026-01-12,2026-07-23,42.8388,30.4,30.868,32.1712,33.9265,39.8,0.6321428571428575,2.12,27.9,-29.7,29.6,31.7,28.4,34.1726,28.4,36.2406,230915369.75,1600,-2.14,-3.62,-7.53,-12.31,-30.55,4.75,CTG,vndirect,bank,0.93,3.0,0.0,
2026-10-02,32.25,-2.27,-3.01,-3.44,-4.02,10.68,-15.24,114.48,-5.65,41.1348,27.766,2025-10-14,2026-04-07,41.1348,32.4075,31.376,31.8376,32.2684,49.5,0.7285714285714293,2.26,31.8,-30.5,31.4,33.7,27.8,35.2,27.8,35.2,493504025.5,1600,-0.49,2.79,1.3,-0.06,-21.6,16.15,TCB,vndirect,bank,1.03,3.0,0.0,
2026-10-02,19.1,-2.3,-4.02,-9.26,-6.85,-8.1,-11.02,106.88,-5.74,23.6274,17.7845,2026-02-11,2026-07-28,23.6274,19.93,19.8919,19.9918,20.5766,34.0,0.3499999999999999,1.83,26.9,-22.4,19.1,20.65,17.7845,21.2,17.7845,21.7052,227625234.25,1600,-4.16,-3.98,-4.46,-7.18,-19.16,7.4,MBB,vndirect,bank,0.81,3.0,0.0,
2026-10-02,21.1,0.0,-1.4,-6.84,-6.84,4.21,-4.9,61.55,2.04,23.85,18.6967,2026-07-17,2026-03-09,25.4172,21.8675,22.142,22.0554,21.2799,36.5,0.43214285714285694,2.05,24.6,-19.5,21.0,22.85,21.0,23.85,19.2998,23.85,153888976.5,1600,-3.51,-4.71,-4.33,-0.85,-11.53,12.85,ACB,vndirect,bank,0.65,3.0,0.0,
2026-10-02,22.9,-1.72,-0.43,3.82,3.82,13.87,-2.56,58.77,2.54,27.0102,18.6304,2025-10-15,2026-03-23,30.3232,22.2676,21.0794,21.1388,21.3219,60.1,0.6255128571428573,2.73,33.9,-28.8,21.3028,23.6,19.0019,23.6,19.0019,23.6,495312383.4222495,1600,2.84,8.64,8.33,7.4,-15.22,22.92,VPB,vndirect,bank,1.14,3.0,0.0,
2026-10-02,28.45,1.61,2.34,2.34,5.57,11.13,19.6,169.57,-4.21,30.0,22.4005,2026-01-21,2025-11-11,30.0,27.5,26.955,26.566,26.687,65.0,0.5821428571428573,2.05,31.8,-18.9,26.5,28.65,24.45,28.65,24.45,28.65,311748361.5,1600,3.45,5.55,7.09,6.61,-5.17,27.01,HDB,vndirect,bank,0.93,3.0,0.0,
2026-10-02,68.4,-2.7,-10.59,-9.4,-5.0,12.5,16.52,134.25,17.93,79.0,45.95,2026-09-10,2025-12-15,79.0,75.835,74.49,72.791,67.1497,27.7,1.835714285714287,2.68,38.1,-24.6,67.7,79.0,67.7,79.0,63.5,79.0,229476663.5,1600,-9.8,-8.18,-6.03,1.86,-13.42,48.86,STB,vndirect,bank,0.75,3.0,0.0,
2026-10-02,13.35,-0.37,-0.37,-2.21,-11.13,-7.39,-21.73,20.47,-13.13,17.9222,12.8305,2025-10-07,2026-07-28,21.472,13.4649,13.3956,14.0098,14.4976,46.8,0.24285714285714274,1.82,24.6,-27.4,13.15,13.835,12.8305,15.0221,12.8305,15.6278,57239082.042644,1600,-0.85,-0.34,-4.71,-7.92,-25.51,4.05,VIB,vndirect,bank,0.83,3.0,0.0,
2026-10-02,11.9,-1.55,-2.9,-3.23,-14.34,-11.4,-20.82,17.93,-17.09,16.1088,11.5418,2025-10-10,2026-07-23,18.2273,12.0381,12.0903,12.7192,13.3885,42.6,0.2701207142857146,2.27,27.4,-27.0,11.7096,12.4651,11.5418,13.8501,11.5418,14.1859,110928381.38700649,1600,-1.15,-1.57,-6.44,-11.12,-26.13,3.1,TPB,vndirect,bank,0.89,3.0,0.0,
2026-10-02,40.2,-4.29,-13.46,-19.52,-21.18,-1.3,-17.56,305.61,1.77,58.5,37.3275,2026-06-25,2026-03-09,58.5,46.2475,49.55,50.3285,45.7995,24.8,1.471428571428571,3.66,33.4,-28.2,40.2,50.0,40.2,56.0,40.2,58.5,96843881.0,1600,-13.08,-18.87,-20.12,-12.23,-31.28,7.7,LPB,vndirect,bank,0.43,3.0,0.0,
2026-10-02,11.15,-1.76,-3.88,-8.61,-18.32,-25.17,-33.45,45.74,-30.81,18.1843,11.1,2025-10-09,2026-07-28,19.1699,11.585,11.707,12.618,13.9883,32.8,0.21428571428571455,1.92,26.7,-37.8,11.15,12.15,11.1,13.4,11.1,15.55,440897532.5,1600,-3.75,-4.76,-11.63,-20.29,-38.68,0.45,SHB,vndirect,bank,0.76,3.0,0.0,
2026-10-02,17.05,-3.94,-12.34,-0.29,3.33,22.32,6.48,-6.26,17.76,24.8,13.234,2026-09-18,2026-03-09,24.8,19.725,17.272,16.1432,15.1529,39.9,1.364285714285714,8.0,29.6,-29.3,17.05,24.8,14.75,24.8,13.566,24.8,75682619.25,1379,-13.56,-1.29,5.62,12.52,-31.25,28.83,SSB,vndirect,bank,0.44,3.0,0.0,
2026-10-02,14.05,-1.06,0.0,5.24,5.38,46.61,26.77,94.84,35.97,14.5,9.0,2026-09-25,2026-03-09,14.5,13.4475,13.3498,13.0238,11.5884,63.4,0.3571428571428569,2.54,26.7,-21.2,12.65,14.5,12.125,14.5,10.125,14.5,108431259.0,1438,4.48,5.25,7.88,21.24,-3.1,56.11,MSB,vndirect,bank,0.62,3.0,0.0,
2026-10-02,10.1,-0.98,-0.98,-8.18,-12.17,5.58,-9.97,22.08,-2.81,11.957,9.044,2025-10-30,2026-03-09,13.45,10.2575,10.472,10.5291,10.2837,37.9,0.156428571428571,1.55,26.2,-23.2,9.96,10.6,9.9,11.6,9.392,11.6,16432696.0,1413,-1.54,-3.55,-4.08,-1.79,-15.53,11.68,OCB,vndirect,bank,0.71,3.0,0.0,
2026-10-02,16.5,-0.6,-1.2,-4.62,-20.1,-25.51,-35.67,7.13,-22.54,27.4,15.8,2025-10-14,2026-09-14,31.65,16.56,17.129,18.9265,20.5435,42.7,0.40357142857142897,2.45,35.1,-40.3,15.8,17.2,15.8,20.45,15.8,24.05,70825293.75,1600,-0.36,-3.67,-12.82,-19.68,-39.78,4.43,EIB,vndirect,bank,1.11,3.0,0.0,
2026-10-02,12.5,1.21,0.81,8.23,-4.58,15.84,1.35,68.62,4.9,13.5,10.083,2026-07-10,2026-03-20,14.416,11.855,11.872,12.216,11.9016,65.7,0.3500000000000004,2.8,21.9,-20.1,11.0,12.65,11.0,13.5,11.0,13.5,19572108.5,1485,5.44,5.29,2.32,5.03,-7.41,23.97,NAB,vndirect,bank,0.49,3.0,0.0,
2026-10-02,19.7,-2.23,-4.83,-7.73,-9.88,-8.72,-28.51,17.68,-18.52,31.526,17.3448,2025-10-14,2026-07-28,31.526,20.63,20.1136,20.7598,22.2611,37.4,0.5714285714285714,2.9,36.0,-41.7,19.6,21.65,17.3448,22.2205,17.3448,23.3396,423315278.75,1600,-4.51,-2.06,-5.11,-11.5,-37.51,13.58,SSI,vndirect,broker,1.17,3.0,0.0,
2026-10-02,18.65,-4.36,-5.81,-18.38,-25.7,-29.62,-38.88,-12.61,-27.11,32.7252,18.15,2025-10-14,2026-07-28,35.8419,20.115,20.918,22.584,24.4738,31.9,0.6821428571428572,3.66,38.1,-42.8,18.65,22.55,18.15,25.9,18.15,28.5,181367040.0,1600,-7.28,-10.84,-17.42,-23.8,-43.01,2.75,VCI,vndirect,broker,1.03,3.0,0.0,
2026-10-02,23.5,-0.21,-5.62,-9.79,-4.53,12.86,4.79,86.0,23.73,27.35,16.468,2026-08-11,2026-03-23,27.35,25.0675,25.424,24.7774,22.6434,34.7,0.7571428571428575,3.22,35.2,-30.3,22.9,27.05,22.9,27.35,21.4257,27.35,82586213.25,1600,-6.25,-7.57,-5.16,3.78,-14.08,42.7,HCM,vndirect,broker,0.96,3.0,0.0,
2026-10-02,13.3,-2.92,-7.32,-20.12,-27.72,-12.56,-38.22,-15.43,-29.64,23.9573,13.3,2025-10-08,2026-10-02,29.0153,14.73,15.83,16.6271,16.9625,25.0,0.4535714285714288,3.41,39.2,-42.6,13.3,16.45,13.3,19.1,13.3,19.1,146298597.5,1600,-9.71,-15.98,-20.01,-21.59,-44.48,0.0,VND,vndirect,broker,1.12,3.0,0.0,
2026-10-02,11.8,-2.88,-6.72,-16.31,-27.33,-23.52,-59.47,29.25,-34.8,32.534,11.0002,2025-10-16,2026-07-28,32.534,12.8725,12.9356,14.576,15.9539,32.6,0.46785714285714264,3.96,48.7,-64.9,11.8,14.1,11.0002,16.0479,11.0002,18.9051,420515559.0,1600,-8.33,-8.78,-19.05,-26.04,-63.73,7.27,VIX,vndirect,broker,1.45,3.0,0.0,
2026-10-02,13.0,-2.26,-5.11,-17.72,-32.64,-23.08,-48.0,-3.3,-36.89,28.2,12.7,2025-10-08,2026-09-29,30.0,14.035,14.89,16.486,17.488,30.2,0.5357142857142859,4.12,46.9,-52.6,12.7,15.5,12.7,20.0,12.7,20.0,102016280.5,1600,-7.37,-12.69,-21.15,-25.66,-53.9,2.36,SHS,vndirect,broker,1.34,3.0,0.0,
2026-10-02,15.3,-1.92,-5.56,-14.53,-24.75,-19.11,-39.66,33.98,-22.48,27.8595,14.9421,2025-10-08,2026-07-28,31.3555,16.44,17.0659,18.0486,18.809,27.4,0.47857142857142787,3.13,39.7,-43.4,15.3,17.9,14.9421,21.4674,14.9421,21.4674,44802129.5,1600,-6.93,-10.35,-15.23,-18.66,-45.08,2.4,MBS,vndirect,broker,1.16,3.0,0.0,
2026-10-02,18.5,-2.12,-7.96,-18.68,-33.93,-24.71,-40.05,-20.61,-37.05,33.4017,18.5,2025-10-07,2026-10-02,41.7851,20.315,21.337,23.1919,25.061,25.7,0.5642857142857134,3.05,39.0,-44.1,18.5,22.5,18.5,28.5,18.5,28.5,12590718.75,1600,-8.93,-13.3,-20.23,-26.18,-44.61,0.0,FTS,vndirect,broker,0.95,3.0,0.0,
2026-10-02,24.65,-3.71,-7.33,-15.58,-32.47,-24.37,-40.93,-11.21,-27.89,43.5459,24.65,2025-10-06,2026-10-02,53.0005,26.77,27.734,30.3181,32.1281,25.2,0.6678571428571427,2.71,34.2,-42.9,24.65,29.35,24.65,37.3,24.65,37.4,7008109.75,1600,-7.92,-11.12,-18.7,-23.28,-43.39,0.0,BSI,vndirect,broker,0.92,3.0,0.0,
2026-10-02,19.9,-1.49,-6.13,-14.59,-29.43,-6.36,-35.52,38.23,-23.17,36.4867,19.1028,2025-10-20,2026-03-23,36.6039,21.3925,21.919,23.0085,23.2483,29.9,0.6321428571428575,3.18,41.9,-45.5,19.85,23.3,19.5,29.4,19.5,29.4,23693017.5,1600,-6.98,-9.21,-13.51,-14.4,-45.46,4.17,CTS,vndirect,broker,1.12,3.0,0.0,
2026-10-02,62.1,-0.96,-4.02,-6.68,-5.52,-6.42,-24.03,2.63,-27.71,97.4752,55.9096,2026-01-19,2026-07-28,119.3727,65.3312,63.8874,64.6911,71.4939,36.4,1.3331221428571436,2.15,32.0,-40.6,62.1,68.0007,55.9096,68.0007,55.9096,70.8422,376209213.9838405,1600,-4.95,-2.8,-4.01,-13.14,-36.29,11.07,FPT,vndirect,stock,0.74,3.0,0.0,
2026-10-02,21.1,-0.47,-6.01,-13.52,-22.57,-25.83,-41.39,-30.11,-34.8,39.0,21.05,2026-01-16,2026-10-02,61.098,22.62,23.658,25.481,28.5834,26.1,0.6857142857142853,3.25,27.4,-44.6,21.05,23.95,21.05,27.4,21.05,29.9,3059356.5,1600,-6.72,-10.81,-17.19,-26.18,-45.9,0.24,CMG,vndirect,stock,0.59,3.0,0.0,
2026-10-02,73.2,0.83,-0.27,-2.4,-5.78,-6.26,-3.58,55.12,-15.91,92.9557,61.5438,2026-02-03,2026-07-28,92.9557,72.215,71.9404,74.4867,79.1606,52.8,1.4642857142857153,2.0,34.9,-32.4,68.6,73.9,61.5438,77.9882,61.5438,87.1459,177231090.5,1600,1.36,1.75,-1.73,-7.53,-21.25,18.94,MWG,vndirect,stock,1.12,3.0,0.0,
2026-10-02,77.0,-0.13,0.0,-3.63,,,,,,86.505,69.3,2026-08-13,2026-09-14,86.505,75.53,,,,58.1,1.8142857142857127,2.36,30.1,-18.5,69.3,78.5,69.3,86.505,69.3,86.505,28251754.5,39,1.95,,,,-10.99,11.11,DMX,vndirect,stock,,3.0,0.0,
2026-10-02,142.9,-2.52,0.7,-2.06,18.69,-1.29,21.0,110.73,0.36,172.3844,100.2,2026-02-02,2026-07-23,172.3844,137.395,135.152,127.7037,136.8728,56.7,5.278571428571427,3.69,38.0,-37.2,127.5,149.8,100.2,151.5,100.2,151.5,81214376.5,1600,4.01,5.73,11.9,4.4,-17.1,42.61,FRT,vndirect,stock,0.81,3.0,0.0,
2026-10-02,45.6,0.88,2.47,8.06,13.29,6.39,14.34,17.26,19.76,56.5278,31.45,2026-02-05,2026-07-28,65.1711,44.8475,41.647,40.7875,42.2956,57.9,1.725000000000001,3.78,41.0,-39.4,40.05,47.5,31.45,47.5,31.45,47.5,92605839.0,1600,1.68,9.49,11.8,7.81,-19.33,44.99,DGW,vndirect,stock,0.92,3.0,2.242,
2026-10-02,23.05,-6.87,-30.15,-45.25,-60.73,-68.22,-57.99,-52.49,-64.01,84.6709,23.05,2026-01-30,2026-10-02,84.6709,34.08,35.514,48.0245,60.0574,15.3,1.6321428571428573,7.08,50.1,-72.8,23.05,39.95,23.05,54.0,23.05,77.0705,214405460.0,1600,-32.37,-35.1,-52.0,-61.62,-72.78,0.0,PNJ,vndirect,stock,0.97,3.0,0.0,
2026-10-02,70.7,-0.28,0.86,0.71,-1.53,-6.11,-13.25,-4.46,-8.18,94.0,61.7,2025-10-17,2026-07-23,144.763,68.79,67.942,70.175,73.6345,58.7,1.7571428571428578,2.49,28.4,-27.6,65.3,73.0,61.7,73.0,61.7,82.5,316560819.5,1600,2.78,4.06,0.75,-3.99,-24.79,14.59,MSN,vndirect,stock,0.79,3.0,0.0,
2026-10-02,139.2,0.22,-1.28,-2.66,0.61,0.4,35.52,283.7,-21.8,184.4186,100.2275,2025-12-02,2025-10-21,184.4186,141.63,139.1829,135.0319,143.2585,44.2,2.6642857142857133,1.91,33.7,-30.7,136.1,145.9,130.8611,145.9,123.175,145.9,82032913.5,1600,-1.72,0.01,3.09,-2.83,-24.52,38.88,MCH,vndirect,stock,0.52,3.0,0.0,
2026-10-02,57.3,-2.22,-4.18,-8.03,4.37,-1.37,1.23,-7.74,-3.31,73.1066,53.2565,2026-01-20,2025-10-20,86.3232,60.14,60.768,58.7774,60.4014,33.2,1.0642857142857147,1.86,29.5,-22.9,57.3,62.2,55.0,64.4,54.6,64.4,143260977.0,1600,-4.72,-5.71,-2.51,-5.13,-21.62,7.59,VNM,vndirect,stock,0.49,3.0,0.0,
2026-10-02,42.45,-1.96,-3.3,-6.91,-5.28,2.88,4.2,-21.52,-3.46,53.4228,39.342,2026-01-15,2026-03-30,77.5367,44.0475,44.6601,44.6315,44.3825,34.4,0.7178571428571436,1.69,28.8,-20.9,42.45,45.5,42.102,47.2,41.9149,47.2,20047508.0,1600,-3.63,-4.95,-4.89,-4.35,-20.54,7.9,SAB,vndirect,stock,0.54,3.0,0.0,
2026-10-02,53.1,2.51,6.63,12.26,10.97,19.46,22.06,42.75,23.09,53.1,37.2304,2026-10-02,2026-01-26,53.1,50.045,47.8606,47.6814,45.9551,87.9,0.6571428571428574,1.24,12.2,-7.8,48.4,53.1,45.3,53.1,43.054,53.1,15605856.5,1600,6.1,10.95,11.36,15.55,0.0,42.63,QNS,vndirect,stock,0.13,3.0,0.0,
2026-10-02,50.8,0.0,-0.2,-2.12,2.01,3.78,-0.73,-16.56,0.03,53.2247,38.7,2025-11-03,2026-04-29,67.5033,51.145,51.097,50.4145,50.12,36.0,0.6928571428571421,1.36,20.3,-21.8,50.2,51.8,46.25,52.5,38.7,52.5,4699907.0,1600,-0.67,-0.58,0.76,1.36,-4.56,31.27,KDC,vndirect,stock,0.08,3.0,0.0,
2026-10-02,20.05,0.0,-2.91,-9.28,-13.76,-15.73,-20.07,19.54,-14.93,26.5589,19.6,2025-10-10,2026-10-02,29.8903,20.995,21.368,22.4108,23.3122,33.5,0.35714285714285715,1.78,27.2,-24.1,19.6,22.2,19.6,23.4,19.6,26.2911,373133752.25,1600,-4.5,-6.17,-10.53,-13.99,-24.51,2.3,HPG,vndirect,stock,0.72,3.0,0.0,
2026-10-02,9.98,-0.2,-0.2,-8.44,-13.59,-12.33,-29.87,-26.71,-17.62,14.7302,9.7,2025-10-10,2026-07-28,30.2244,10.167,10.4928,11.1814,11.6025,35.9,0.16571428571428573,1.66,28.3,-32.2,9.78,10.75,9.7,11.75,9.7,13.0,20661381.2,1600,-1.84,-4.89,-10.74,-13.98,-32.25,2.89,HSG,vndirect,stock,0.72,3.0,0.0,
2026-10-02,9.2,-2.65,-5.15,-15.98,-23.33,-25.59,-40.82,-29.97,-31.85,16.5456,9.12,2025-10-10,2026-10-02,32.1862,9.971,10.5224,11.3219,12.3381,18.4,0.21571428571428555,2.34,31.0,-43.5,9.12,10.9,9.12,12.15,9.12,13.9547,15652441.35,1600,-7.73,-12.57,-18.74,-25.43,-44.4,0.88,NKG,vndirect,stock,0.77,3.0,0.0,
2026-10-02,77.6,-1.15,0.26,-2.39,1.57,12.94,20.99,59.17,30.9,86.9761,55.2954,2026-03-02,2025-12-15,86.9761,76.67,76.764,76.3238,72.6132,52.6,1.4428571428571462,1.86,33.1,-18.6,73.5,79.2,67.0,82.0,67.0,82.0,57930387.0,1600,1.21,1.09,1.67,6.87,-10.78,40.34,GMD,vndirect,stock,0.74,3.0,0.0,
2026-10-02,51.2,-0.58,-0.97,6.67,2.7,-2.38,-0.56,117.35,-9.2,68.875,42.9,2026-03-03,2026-09-14,68.875,48.6275,47.216,49.1125,52.2345,61.9,1.3392857142857153,2.62,35.5,-35.6,42.9,53.2,42.9,53.2,42.9,56.1951,52015371.0,1600,5.29,8.44,4.25,-1.98,-25.66,19.35,HAH,vndirect,stock,0.76,3.0,0.0,
2026-10-02,12.7,-3.42,-4.15,-13.61,-31.9,-46.64,-54.72,-4.9,-36.34,29.4,12.25,2025-10-15,2026-09-14,38.65,13.2575,13.917,16.326,19.5115,36.3,0.47142857142857153,3.71,46.9,-56.2,12.25,14.0,12.25,17.6,12.25,25.7,101393550.75,1600,-4.21,-8.74,-22.21,-34.91,-56.8,3.67,VSC,vndirect,stock,1.17,3.0,0.0,
2026-10-02,35.5,0.28,-1.25,-0.4,-10.21,-24.2,-51.31,-47.87,-37.48,81.7994,29.7161,2025-11-14,2026-07-28,103.5986,36.5267,35.3315,37.2493,45.2875,45.9,0.7857142857142863,2.21,47.4,-62.4,34.8,39.7458,29.7161,39.7458,29.7161,47.496,28247497.169999998,1600,-2.81,0.48,-4.7,-21.61,-56.6,19.46,DGC,vndirect,stock,0.65,3.0,0.0,
2026-10-02,32.75,-2.82,-4.52,6.16,-2.0,-21.89,-2.97,18.01,5.94,50.0117,28.5,2026-03-09,2026-07-23,50.0117,33.4075,31.898,33.7102,35.9399,47.3,1.0250000000000001,3.13,39.8,-39.1,31.7,35.4,28.5,35.4,28.5,45.3792,112786108.75,1600,-1.97,2.67,-2.85,-8.88,-34.52,14.91,DCM,vndirect,stock,0.48,3.0,0.0,
2026-10-02,21.85,-2.46,-3.32,-0.68,2.13,-18.97,-2.15,17.12,4.88,33.5195,20.1773,2026-03-13,2025-12-16,33.5195,22.6725,22.1968,22.5419,23.6292,40.8,0.5607142857142863,2.57,36.0,-35.1,21.8,23.75,20.5986,23.75,20.5986,27.8081,80794891.25,1600,-3.63,-1.56,-3.07,-7.53,-34.81,8.29,DPM,vndirect,stock,0.52,3.0,0.0,
2026-10-02,20.05,0.5,-0.99,-6.96,-13.2,-27.22,-35.63,29.45,-26.56,34.5,19.25,2026-03-03,2026-07-28,46.8403,20.6125,21.18,22.697,25.5862,35.1,0.44642857142857145,2.23,35.5,-41.7,19.6,22.05,19.25,25.1,19.25,29.0,3984145.5,1600,-2.73,-5.34,-11.66,-21.64,-41.88,4.16,CSV,vndirect,stock,0.76,3.0,0.0,
2026-10-02,47.4,-1.04,2.82,4.06,-2.87,-15.36,-15.05,21.7,-9.2,64.5243,42.5,2026-03-30,2026-07-23,64.5243,46.25,46.081,48.0921,51.2733,57.4,0.9964285714285717,2.1,23.7,-29.7,44.85,48.5,42.5,48.7,42.5,58.4371,18905075.5,1600,2.49,2.86,-1.44,-7.55,-26.54,11.53,REE,vndirect,stock,0.45,3.0,0.0,
2026-10-02,19.25,-4.7,-8.33,-7.0,-12.5,-27.9,-10.74,0.25,-14.63,32.2,16.65,2026-03-02,2026-05-18,32.2,20.37,20.624,20.5145,22.6315,35.9,0.5749999999999995,2.99,44.0,-43.7,19.25,21.45,19.25,22.3,16.65,28.0,32717413.25,1600,-5.5,-6.66,-6.16,-14.94,-40.22,15.62,PC1,vndirect,stock,0.72,3.0,0.0,
2026-10-02,12.7,-1.55,2.01,-3.05,-14.77,0.4,8.21,37.2,0.0,16.85,10.6619,2026-03-04,2025-10-21,17.1912,12.6825,13.138,13.5905,13.5153,45.5,0.2750000000000001,2.17,33.5,-25.1,12.05,13.3,12.05,14.85,12.05,15.15,74236583.5,1600,0.14,-3.33,-6.55,-6.03,-24.63,19.12,POW,vndirect,stock,0.71,3.0,0.0,
2026-10-02,22.3,1.59,6.95,6.44,-1.55,-14.23,-2.36,1.79,-8.42,29.45,20.2,2026-03-02,2026-09-14,29.45,20.9,21.074,21.809,23.7803,68.6,0.4142857142857138,1.86,29.5,-29.9,20.2,22.55,20.2,22.55,20.2,26.8,11845905.75,1600,6.7,5.82,2.25,-6.22,-24.28,10.4,NT2,vndirect,stock,0.61,3.0,0.0,
2026-10-02,11.8,-0.84,-2.48,-7.09,-13.87,-21.83,-23.05,-11.8,-19.55,16.6194,11.7,2026-03-26,2026-07-22,23.4115,12.265,12.298,12.8421,13.5871,22.5,0.12499999999999963,1.06,27.9,-28.4,11.8,12.9,11.7,13.55,11.7,15.0003,1688847.75,1600,-3.79,-4.05,-8.11,-13.15,-29.0,0.85,GEG,vndirect,stock,0.47,3.0,0.0,
2026-10-02,78.8,-3.9,-2.11,-3.7,7.68,1.74,34.47,9.69,12.0,127.7917,54.4208,2026-03-04,2025-10-21,127.7917,83.4875,77.8471,78.1668,82.6113,42.7,2.99473142857143,3.8,49.6,-50.0,78.8,90.3774,62.5839,90.3774,62.5839,92.8069,134810179.04017898,1600,-5.61,1.22,0.81,-4.61,-38.34,44.8,GAS,vndirect,stock,0.72,3.0,0.0,
2026-10-02,33.5,-1.47,6.01,1.52,5.52,-0.49,32.35,24.04,17.21,46.9981,21.9622,2026-03-03,2025-10-20,46.9981,32.9772,31.0202,31.5286,32.514,55.8,1.264285714285714,3.77,48.0,-39.4,28.9,35.3,26.5823,35.3,26.5823,36.6652,129994142.5898705,1600,1.59,7.99,6.25,3.03,-28.72,52.53,PVS,vndirect,stock,0.71,3.0,0.0,
2026-10-02,18.0,-1.91,0.0,-6.01,-7.71,-10.6,40.05,25.13,5.96,27.2636,11.265,2026-03-04,2025-10-20,27.2636,18.785,18.623,18.7958,19.1382,41.3,0.6535714285714277,3.63,45.9,-35.1,17.65,20.4,17.35,20.7,17.257,21.6012,112312579.75,1600,-4.18,-3.35,-4.23,-5.95,-33.98,59.79,PVD,vndirect,stock,0.72,3.0,0.0,
2026-10-02,35.8,-2.32,2.29,-1.24,1.46,-7.75,9.07,10.62,5.05,67.9642,30.7963,2026-03-04,2026-07-21,67.9642,36.1625,35.5472,36.4285,40.3741,48.0,1.360714285714285,3.8,47.5,-53.0,34.5,39.5,30.7963,39.5,30.7963,45.3738,191915638.25,1600,-1.0,0.71,-1.73,-11.33,-47.33,16.25,PLX,vndirect,stock,0.7,3.0,0.0,
2026-10-02,30.45,-2.87,0.16,14.47,24.68,16.87,86.97,148.56,91.27,39.1565,13.3488,2026-03-09,2025-12-12,39.1565,29.9225,27.3671,27.1179,25.6351,55.6,1.5500000000000005,5.09,54.5,-39.2,26.2,33.45,22.3469,33.45,22.3469,33.5698,420842332.25,1600,1.76,11.27,12.29,18.78,-22.24,128.11,BSR,vndirect,stock,0.79,3.0,0.0,
2026-10-02,23.5,-1.05,1.73,16.34,18.69,22.22,43.61,42.64,40.49,29.7276,14.9547,2026-03-09,2025-10-20,29.7276,22.765,20.546,20.2082,19.943,58.3,1.0821428571428575,4.6,45.5,-41.6,19.9,25.05,16.05,25.05,16.05,25.05,185488171.0,1600,3.23,14.38,16.29,17.84,-20.95,57.14,PVT,vndirect,stock,0.66,3.0,0.0,
2026-10-02,67.9,-0.73,-1.74,-6.99,-10.42,18.3,43.02,220.13,13.72,83.444,41.8423,2026-05-11,2025-11-10,83.444,70.3,70.963,71.8957,63.98,42.1,2.335714285714285,3.44,55.5,-40.9,65.2,79.5,63.3,81.7,56.9133,83.444,714447602.0,1600,-3.41,-4.32,-5.56,6.13,-18.63,62.28,VHM,vndirect,stock,1.82,3.0,0.0,
2026-10-02,224.0,1.82,-3.45,-5.08,1.68,58.87,161.99,906.74,32.08,265.0,85.55,2026-09-07,2025-10-03,265.0,237.51,224.568,219.34,190.115,43.1,6.871428571428573,3.07,52.0,-32.1,215.0,265.0,194.6,265.0,149.3,265.0,941619157.0,1600,-5.69,-0.25,2.12,17.82,-15.47,161.84,VIC,vndirect,stock,1.69,3.0,0.0,
2026-10-02,23.6,-2.28,-3.67,-9.58,-16.16,-7.79,-23.04,-7.09,-27.38,43.6542,20.9,2025-10-14,2026-07-28,43.6542,25.1925,24.813,26.7737,27.7683,35.4,0.6714285714285716,2.85,51.4,-49.2,23.55,27.95,20.9,27.95,20.9,36.2175,116219249.75,1600,-6.32,-4.89,-11.85,-15.01,-45.94,12.92,VRE,vndirect,stock,1.7,3.0,0.0,
2026-10-02,15.1,-0.33,-3.82,-17.03,-29.11,-40.32,-54.24,-36.34,-52.06,36.45,14.95,2025-10-30,2026-09-28,39.2748,15.91,17.032,19.511,23.5637,27.7,0.44285714285714317,2.93,35.9,-57.9,14.95,17.65,14.95,21.35,14.95,26.95,66426210.25,1600,-5.09,-11.34,-22.61,-35.92,-58.57,1.0,KDH,vndirect,stock,0.93,3.0,0.0,
2026-10-02,21.9,0.23,-2.45,-9.88,-15.12,-20.56,-37.54,-23.65,-26.69,39.3912,19.15,2025-10-31,2026-07-28,57.4233,23.4775,23.056,24.406,26.4059,33.9,0.5714285714285714,2.61,39.4,-48.9,21.3,25.95,19.15,26.15,19.15,29.5311,43000150.25,1600,-6.72,-5.01,-10.27,-17.06,-44.4,14.36,NLG,vndirect,stock,0.94,3.0,0.0,
2026-10-02,9.99,-2.06,-1.09,-17.44,-17.78,-20.91,-43.34,-17.37,-33.4,20.6142,9.76,2025-10-17,2026-07-28,32.3186,10.622,10.8952,11.8397,12.6719,31.0,0.34999999999999976,3.5,41.9,-49.7,9.82,11.7,9.76,12.45,9.76,14.4738,96818711.95,1600,-5.95,-8.31,-15.62,-21.16,-51.54,2.36,DXG,vndirect,stock,0.99,3.0,0.0,
2026-10-02,10.45,0.48,-11.17,-19.33,-14.42,-20.86,-26.99,-21.14,-15.23,19.3916,9.2341,2026-04-29,2026-03-10,87.1294,11.894,12.6337,12.9092,12.9106,26.1,0.5108342857142858,4.89,48.2,-46.1,9.6,13.1036,9.6,14.146,9.6,19.3916,228160056.91983253,1600,-12.14,-17.28,-19.05,-19.06,-46.11,13.17,NVL,vndirect,stock,0.87,3.0,0.0,
2026-10-02,11.2,-0.44,-0.88,-9.68,-23.02,-29.56,-51.09,-40.76,-40.43,27.0,10.4,2025-10-16,2026-07-28,61.255,11.5775,11.856,13.459,15.2905,30.4,0.34642857142857114,3.09,37.0,-57.6,10.55,12.2,10.4,14.65,10.4,17.25,44732717.25,1600,-3.26,-5.53,-16.78,-26.75,-58.52,7.69,PDR,vndirect,stock,1.06,3.0,0.0,
2026-10-02,25.2,-0.79,-2.89,-8.03,-13.85,-21.25,-28.0,-16.69,-28.71,38.2,25.0,2026-02-04,2026-10-02,47.175,26.125,27.019,28.4735,31.123,16.5,0.4642857142857145,1.84,34.7,-33.7,25.0,27.25,25.0,28.95,25.0,35.95,31026265.0,1600,-3.54,-6.73,-11.5,-19.03,-34.03,0.8,KBC,vndirect,stock,0.97,3.0,0.0,
2026-10-02,33.7,0.3,0.9,3.69,-5.11,-17.48,3.98,14.04,6.1,45.7242,27.7073,2026-02-03,2025-10-20,50.6472,32.34,32.6527,34.5497,36.5026,62.3,1.1285714285714286,3.35,37.2,-33.6,29.1,34.5,29.1,35.5148,29.1,44.2408,42427628.0,1600,4.21,3.21,-2.46,-7.68,-26.3,21.63,IDC,vndirect,stock,0.84,3.0,0.0,
2026-10-02,16.8,-2.04,-5.88,-10.1,-20.22,-37.09,-47.91,-33.12,-39.24,35.4776,16.0313,2026-02-04,2026-07-28,51.2554,17.8243,17.977,19.8471,24.2628,32.2,0.43214285714285694,2.57,34.4,-53.5,16.7,19.5412,16.0313,20.4898,16.0313,28.4106,5428651.478597,1600,-5.75,-6.55,-15.35,-30.76,-52.65,4.79,SZC,vndirect,stock,0.82,3.0,0.0,
2026-10-02,38.7,-2.03,-3.73,-10.73,-24.27,-27.26,-40.53,-40.85,-36.3,82.2771,33.9,2026-01-20,2026-07-28,96.4695,40.2,40.093,45.981,53.1941,39.5,1.207142857142856,3.12,38.3,-55.5,38.5,44.2,33.9,50.9,33.9,57.6,22045966.0,1600,-3.73,-3.47,-15.83,-27.25,-52.96,14.16,BCM,vndirect,stock,0.88,3.0,0.0,
2026-10-02,51.9,-2.44,-1.7,-2.99,-4.68,-11.54,-13.31,90.5,-16.19,82.4248,43.4,2026-01-15,2026-07-28,108.2764,50.7025,51.197,53.0569,58.1128,51.9,1.6214285714285712,3.12,39.7,-44.6,48.1,55.0,43.4,58.1,43.4,63.4814,35947290.5,1600,2.36,1.37,-2.18,-10.69,-37.03,19.59,VTP,vndirect,stock,0.56,3.0,0.0,
2026-10-02,71.2,-0.42,-2.06,-7.53,-5.4,-4.4,-3.26,13.13,-4.84,99.1236,65.5,2026-01-15,2026-07-23,135.8248,72.75,73.714,74.7764,76.2951,38.2,1.5714285714285705,2.21,30.9,-29.9,70.0,75.9,65.5,78.9,65.5,83.6849,15302325.0,1600,-2.13,-3.41,-4.78,-6.68,-28.17,8.7,CTR,vndirect,stock,0.57,3.0,0.0,
2026-10-02,80.4,-0.25,-2.78,-5.26,-4.94,-7.67,22.84,265.76,18.16,136.4762,57.1854,2026-01-22,2025-10-29,136.4762,81.1738,80.711,83.4579,87.4081,46.5,2.9673657142857155,3.69,52.1,-46.3,69.6,85.7,69.6,88.4212,69.6,104.7599,19854054.0439935,1600,-0.95,-0.39,-3.66,-8.02,-41.09,40.6,VGI,vndirect,stock,0.7,3.0,0.0,
2026-10-02,129.4,-0.15,-2.56,3.52,-8.74,4.42,30.71,71.84,-19.51,169.224,98.1499,2025-11-26,2025-10-03,169.224,129.225,126.892,131.3502,133.5251,50.0,3.5642857142857127,2.75,39.8,-30.7,122.5,138.0,118.1,139.0,118.1,146.148,140031291.5,1600,0.14,1.98,-1.48,-3.09,-23.53,31.84,VJC,vndirect,stock,0.66,3.0,0.0,
2026-10-02,20.55,-0.96,1.23,-10.46,-18.77,-4.86,-41.12,128.73,-17.47,36.25,19.3,2025-10-20,2026-03-23,38.45,20.9375,22.064,22.3885,23.571,40.5,0.5535714285714286,2.69,38.4,-46.7,20.0,23.15,20.0,26.5,20.0,26.5,16563032.0,1600,-1.85,-6.86,-8.21,-12.82,-43.31,6.48,HVN,vndirect,stock,0.94,3.0,0.0,
2026-10-02,39.2,0.0,-0.51,-7.33,-10.09,-14.41,-29.11,-14.21,-19.84,64.8,37.0,2026-01-15,2026-07-28,83.8488,39.53,40.104,41.866,46.093,38.7,0.5071428571428578,1.29,33.2,-38.2,38.7,41.1,37.0,43.5,37.0,47.2,11029041.5,1600,-0.83,-2.25,-6.37,-14.95,-39.51,5.95,ACV,vndirect,stock,0.71,3.0,0.0,
2026-10-02,141.0,-1.47,-2.76,-2.62,-8.2,18.21,9.82,128.22,-14.82,180.6669,114.6431,2025-12-18,2026-03-23,180.6669,143.13,145.696,145.1414,145.6992,40.8,2.471428571428573,1.75,36.0,-35.8,138.0,147.6,138.0,156.0,123.1562,156.0,9915097.0,1600,-1.49,-3.22,-2.85,-3.23,-21.96,22.99,BMP,vndirect,stock,0.49,3.0,0.0,
2026-10-02,57.8,-2.53,-0.69,-7.96,-19.72,-24.14,-20.98,41.96,-20.15,92.7829,54.7,2025-10-31,2026-07-23,92.7829,58.905,60.198,65.722,71.3326,39.0,1.3428571428571416,2.32,38.5,-40.6,56.8,61.9,54.7,71.5,54.7,90.3,14328711.0,1600,-1.88,-3.98,-12.05,-18.97,-37.7,5.67,CTD,vndirect,stock,0.89,3.0,0.0,
2026-10-02,8.83,-1.34,-3.07,-12.14,-17.95,-21.76,-38.54,-31.0,-29.5,15.1578,8.83,2025-10-17,2026-10-02,20.0695,9.35,9.7738,10.3463,11.1358,20.7,0.1649999999999999,1.87,28.9,-40.1,8.83,10.0,8.83,10.8,8.83,12.8098,19305210.65,1600,-5.56,-9.66,-14.66,-20.71,-41.75,0.0,HHV,vndirect,stock,0.75,3.0,0.0,
2026-10-02,13.3,-2.56,-5.34,-16.87,-27.69,-30.05,-45.37,-20.0,-33.77,25.6776,13.3,2025-10-14,2026-10-02,32.2762,14.41,15.217,16.564,17.9144,15.4,0.31428571428571456,2.36,34.9,-47.0,13.3,15.85,13.3,18.8362,13.3,21.0574,26215898.75,1600,-7.7,-12.6,-19.71,-25.76,-48.2,0.0,VCG,vndirect,stock,0.79,3.0,0.0,
2026-10-02,4.7,0.0,-2.08,-16.07,-28.79,-31.88,-48.91,-62.4,-45.98,9.4,4.6,2025-10-06,2026-10-02,24.9384,5.095,5.418,6.054,6.923,23.0,0.17142857142857146,3.65,33.0,-49.5,4.6,5.6,4.6,6.8,4.6,7.7,730743.5,1600,-7.75,-13.25,-22.37,-32.11,-50.0,2.17,C4G,vndirect,stock,0.68,3.0,0.0,
2026-10-02,22.9,-3.58,-4.58,-13.42,-25.04,-5.94,-38.74,87.95,-23.85,45.3133,19.7,2025-10-16,2026-07-28,45.3133,23.9075,24.161,27.396,27.1286,38.9,0.9214285714285716,4.02,55.5,-55.0,22.3,26.1,19.7,29.3,19.7,37.45,198137029.75,1600,-4.21,-5.22,-16.41,-15.59,-49.46,16.24,GEX,vndirect,stock,1.59,3.0,0.0,
2026-10-02,43.85,-1.46,2.57,8.41,7.28,3.93,-12.32,9.91,11.38,55.125,34.0,2026-02-04,2026-07-28,61.8446,41.405,40.0084,40.0614,41.6127,63.5,1.3107142857142864,2.99,37.5,-35.9,38.15,45.5,34.0,45.5,34.0,45.5,21389248.25,1600,5.91,9.6,9.46,5.38,-20.45,28.97,VGC,vndirect,stock,0.91,3.0,0.0,
2026-10-02,48.6,-1.32,-2.8,-1.72,-2.7,-12.23,-3.24,23.36,-0.88,62.4574,45.15,2026-02-04,2026-09-14,74.8021,49.065,49.208,49.9945,51.9607,42.3,0.8285714285714292,1.7,27.2,-22.5,45.15,51.1,45.15,51.7,45.15,58.2625,3481136.75,1600,-0.95,-1.24,-2.79,-6.47,-22.19,7.64,SIP,vndirect,stock,0.62,3.0,0.0,
2026-10-02,50.7,1.6,2.32,-2.69,-14.5,-11.67,-6.11,-17.31,-9.63,69.9,48.0,2026-02-03,2026-09-29,87.3183,50.285,51.928,55.115,57.3375,49.8,0.9285714285714276,1.83,29.7,-30.3,48.0,53.0,48.0,59.8,48.0,62.9,15803054.5,1600,0.83,-2.36,-8.01,-11.58,-27.47,5.63,VHC,vndirect,stock,0.56,3.0,0.0,
2026-10-02,17.0,6.92,6.58,-1.16,-18.85,-27.97,-39.13,-2.62,-33.85,33.3994,15.1,2025-10-13,2026-09-29,33.3994,16.0025,16.718,18.8455,22.1723,58.5,0.5214285714285715,3.07,37.5,-52.6,15.1,17.05,15.1,20.55,15.1,25.6,8215671.0,1600,6.23,1.69,-9.79,-23.33,-49.1,12.58,ANV,vndirect,stock,0.85,3.0,0.0,
2026-10-02,29.4,1.03,0.34,-6.34,-19.61,-19.69,-6.6,-17.76,-18.58,44.514,27.75,2026-02-27,2026-09-24,53.3645,29.5701,30.9221,33.8756,36.1371,44.2,0.8714285714285709,2.96,28.5,-36.4,27.75,31.25,27.75,35.9425,27.75,40.5999,3284707.4374399995,1600,-0.58,-4.92,-13.21,-18.64,-33.95,5.95,PTB,vndirect,stock,0.65,3.0,0.0,
2026-10-02,89.4,-0.11,-0.78,-1.31,0.79,-1.47,-2.54,-0.27,-3.02,99.118,85.1892,2025-10-29,2026-07-23,107.5349,90.2469,89.5187,89.1867,90.6,41.7,0.5714285714285714,0.64,11.3,-12.3,89.2,91.1,85.1892,91.9172,85.1892,92.8648,609885.371692,1600,-0.94,-0.13,0.24,-1.32,-9.8,4.94,DHG,vndirect,stock,0.21,3.0,0.0,
2026-10-02,36.6,0.27,-0.81,-8.04,-13.52,-33.32,-29.25,27.13,-29.25,56.1678,32.65,2026-03-10,2026-07-27,56.1678,37.1975,37.107,40.2955,46.2845,44.0,0.9464285714285704,2.59,24.7,-37.4,34.55,39.4,32.65,41.55,32.65,55.5766,212341.5,1600,-1.61,-1.37,-9.17,-20.92,-34.84,12.1,IMP,vndirect,stock,0.27,3.0,0.0,
2026-10-02,32.75,0.0,-0.46,1.24,0.77,2.18,21.68,79.62,25.0,46.5,24.1546,2026-03-04,2025-10-21,46.5,32.035,30.845,32.2625,33.0453,56.1,1.1214285714285732,3.42,47.9,-43.2,29.75,34.9,25.55,34.9,25.55,40.0,84051112.0,1600,2.23,6.18,1.51,-0.89,-29.57,35.58,GVR,vndirect,stock,0.97,3.0,0.0,
2026-10-02,33.2,-1.92,2.31,-0.85,-4.11,-2.59,9.24,41.71,4.57,40.5397,26.4024,2026-05-21,2025-10-20,40.5397,32.4146,32.2121,33.6564,33.4677,56.0,0.8749999999999998,2.64,37.0,-22.9,30.8,34.6,29.5229,35.2755,29.5229,40.5397,17120300.2735695,1600,2.42,3.07,-1.36,-0.8,-18.1,25.75,PHR,vndirect,stock,0.68,3.0,0.0,
2026-10-02,38.15,-0.78,0.66,2.55,-1.55,-6.27,2.55,33.35,0.39,48.5,33.6,2026-03-04,2025-10-20,50.5565,37.9675,36.978,38.5385,39.485,53.3,0.9178571428571435,2.41,31.4,-26.1,37.0,39.8,34.4,39.8,34.4,44.9,14927262.5,1600,0.48,3.17,-1.01,-3.38,-21.34,13.54,DPR,vndirect,stock,0.66,3.0,0.0,
2026-10-02,30.8,-1.28,-3.3,-5.52,2.67,5.75,6.21,125.69,-1.3,33.0,25.374,2026-08-25,2025-10-28,33.0,31.8175,31.391,30.3784,30.3529,30.6,0.5535714285714278,1.8,18.0,-13.4,30.15,32.7,28.45,33.0,26.916,33.0,46452590.25,1202,-3.2,-1.88,1.39,1.47,-6.67,21.38,BAF,vndirect,stock,0.37,3.0,0.0,
2026-10-02,15.4,2.67,-1.91,-11.49,-16.76,-23.31,-35.12,9.73,-35.36,26.1128,14.9,2026-02-05,2026-10-02,28.4906,15.9325,16.294,17.4711,19.9436,37.1,0.26785714285714324,1.74,28.8,-41.3,14.9,17.0,14.9,18.1,14.9,21.401,17574062.5,1600,-3.34,-5.49,-11.85,-22.78,-41.03,3.36,DBC,vndirect,stock,0.76,3.0,0.0,
2026-10-02,14.8,0.34,6.09,4.23,-0.67,-7.21,-11.64,93.46,-15.67,19.25,13.25,2025-11-25,2026-09-14,19.25,14.0375,14.068,14.6135,15.6073,74.1,0.2607142857142855,1.76,30.3,-27.9,13.25,14.9,13.25,14.95,13.25,17.1,27669197.75,1600,5.43,5.2,1.28,-5.17,-23.12,11.7,HAG,vndirect,stock,0.65,3.0,0.0,
2026-10-02,58.8,0.68,-5.47,-5.02,5.17,11.52,15.09,49.84,11.71,63.4,46.2732,2026-09-17,2025-11-06,63.4,60.605,59.0533,57.4069,55.016,44.8,1.7642857142857136,3.0,28.0,-15.3,57.2,63.4,53.1823,63.4,50.9096,63.4,114729719.29,1600,-2.98,-0.43,2.43,6.88,-7.26,27.07,VPI,vndirect,stock,0.5,3.0,0.0,
2026-10-02,15.3,-0.97,-3.16,-11.56,-23.88,-27.17,-43.55,-50.71,-37.08,27.1941,15.15,2025-10-06,2026-10-02,59.0968,16.1275,16.555,18.448,20.9316,19.2,0.3785714285714285,2.47,24.0,-43.5,15.15,17.05,15.15,20.1,15.15,23.1968,12470928.75,1600,-5.13,-7.58,-17.06,-26.9,-43.74,0.99,TCM,vndirect,stock,0.38,3.0,0.0,
2026-10-02,60.3,2.9,12.71,30.47,57.5,27.5,160.94,260.12,150.33,63.2,20.5632,2026-10-02,2025-11-04,63.2,51.0647,44.0422,41.001,39.1195,81.6,2.827234285714286,4.69,61.9,-40.3,45.337,63.2,31.1386,63.2,31.1386,63.2,118332199.566008,1600,18.09,36.91,47.07,54.14,-4.59,193.24,MSR,vndirect,stock,1.0,3.0,0.0,
2026-10-02,51.3,-1.54,-2.29,2.4,1.38,13.13,2.22,159.69,-1.97,65.6608,41.3631,2026-01-15,2026-04-10,65.6608,52.55,50.768,50.2862,50.0933,45.6,1.3928571428571428,2.72,29.4,-26.3,46.4,55.5,46.4,55.5,41.3631,55.5,11678845.5,1600,-2.38,1.05,2.02,2.41,-21.87,24.02,NTP,vndirect,stock,0.59,3.0,0.0,
2026-10-02,54.5,0.55,2.83,3.22,12.17,14.83,20.9,44.34,17.47,58.2686,42.2406,2025-12-08,2025-10-21,58.2686,52.6875,51.047,49.5235,49.0894,61.6,1.4142857142857135,2.6,28.0,-20.8,49.0,55.3,45.3,55.3,45.3,55.3,11728360.5,1600,3.44,6.76,10.05,11.02,-6.47,29.02,TLG,vndirect,stock,0.54,3.0,0.0,
2026-10-02,43.4,-0.91,-2.03,-2.36,-6.93,-14.96,-21.28,-18.06,-10.82,55.6718,42.0,2026-03-02,2026-07-28,79.671,43.835,44.25,45.8722,48.3078,40.9,0.5499999999999997,1.27,18.8,-22.7,42.65,44.95,42.0,46.6772,42.0,51.8846,3436357.25,1600,-0.99,-1.92,-5.39,-10.16,-22.04,3.33,SCS,vndirect,stock,0.35,3.0,0.0,
2026-10-02,4182.8999,-0.46,-3.2,-5.25,1.39,-10.62,8.14,127.15,-3.64,5586.2002,3861.1001,2026-01-29,2025-10-03,5586.2002,4335.36,4366.684,4324.052,4553.4685,35.4,88.29997907366071,2.11,29.3,-24.9,4143.1001,4537.7998,3963.0,4755.0,3955.3999,4917.7002,739952638.6416748,1510,-3.52,-4.21,-3.26,-8.14,-25.12,8.33,GC=F,yahoo,global,,,,Gold futures (USD/oz)
2026-10-02,61.04,0.52,-4.99,-5.69,0.65,-16.08,32.7,188.22,-12.97,121.3,45.845,2026-01-29,2025-10-27,121.3,63.9889,63.9154,65.4903,72.6317,40.2,1.242715563092913,2.04,69.5,-51.4,60.0,68.105,55.015,71.16,55.015,88.888,90257.38893737792,1509,-4.61,-4.5,-6.8,-15.96,-49.68,33.14,SI=F,yahoo,global,,,,Silver futures (USD/oz)
2026-10-02,7712.8501,0.61,-0.39,0.6,3.07,17.17,14.85,82.36,12.67,7816.7002,6316.9102,2026-08-13,2026-03-30,7816.7002,7669.561,7657.4446,7564.6188,7225.7691,54.0,71.30214146205357,0.92,13.0,-9.1,7507.77,7782.1899,7313.9199,7816.7002,6905.1699,7816.7002,37996892711034.64,1507,0.56,0.72,1.96,6.74,-1.33,22.1,^GSPC,yahoo,global,,,,S&P 500
2026-10-02,30808.9082,1.01,0.66,5.72,5.05,28.13,23.77,111.52,22.02,31017.5254,22841.4199,2026-10-02,2026-03-30,31017.5254,29907.685,29457.9457,29498.2733,27478.5171,65.3,398.63978794642856,1.29,20.0,-12.1,28753.2891,31017.5254,27176.0293,31017.5254,25514.5508,31017.5254,232670203424788.3,1507,3.01,4.59,4.44,12.12,-0.67,34.88,^NDX,yahoo,global,,,,Nasdaq 100
2026-10-02,101.769,-0.32,0.79,2.22,0.9,1.74,4.01,-4.89,3.55,102.21,95.55,2026-10-01,2026-01-27,114.78,100.3559,99.998,100.0935,99.2728,68.6,0.46171460832868305,0.45,5.2,-4.0,98.6,102.21,98.56,102.21,97.63,102.21,0.0,1509,1.41,1.77,1.67,2.51,-0.43,6.51,DX-Y.NYB,yahoo,global,,,,US Dollar Index
2026-10-02,5.239,0.04,1.06,9.24,16.81,21.47,28.16,9.1,25.85,5.342,3.947,2026-10-01,2025-10-21,5.342,5.0454,4.8311,4.673,4.4502,72.8,0.08342862129211426,1.59,14.7,-7.8,4.748,5.342,4.511,5.342,4.226,5.342,0.0,1507,3.84,8.44,12.11,17.73,-1.93,32.73,^TNX,yahoo,global,,,,US 10Y yield x10
2026-10-02,100.05,-2.21,-4.09,4.62,39.35,-8.24,56.06,10.04,64.42,126.1,58.72,2026-04-30,2025-12-16,137.0,103.1975,94.7692,91.7813,87.7267,49.7,4.78785651070731,4.79,55.1,-39.5,93.17,110.19,75.31,110.19,70.14,126.1,4875279.208444595,1510,-3.05,5.57,9.01,14.05,-20.66,70.38,BZ=F,yahoo,global,,,,Brent crude
2026-10-02,15.51,-5.37,4.3,2.04,-3.96,-35.02,-6.73,-21.59,3.75,35.3,13.38,2026-03-09,2025-12-24,65.73,15.9285,15.788,16.5665,18.0564,48.6,1.286428655896868,8.29,122.4,-54.2,14.12,18.94,13.8,20.88,13.8,23.34,0.0,1509,-2.63,-1.76,-6.38,-14.1,-56.06,15.92,^VIX,yahoo,global,,,,VIX
2026-10-02,25984.0,0.1,-0.02,-0.33,-1.15,-1.24,-1.59,6.75,-0.92,26402.0,25820.0,2025-10-06,2026-02-10,26449.0,25981.5,26096.26,26191.55,26198.935,42.8,37.214285714285715,0.14,2.1,-2.1,25879.0,26085.0,25879.0,26342.0,25879.0,26374.0,0.0,1561,0.01,-0.43,-0.79,-0.82,-1.58,0.64,VND=X,yahoo,global,,,,USD/VND
2026-10-02,16.73,-0.65,-3.13,-7.26,-9.52,-4.24,-4.51,29.59,-12.32,19.85,16.22,2026-01-13,2026-07-27,21.66,17.4095,17.4518,17.8328,18.1508,32.9,0.18242154802594865,1.09,25.7,-17.5,16.73,18.2,16.22,18.27,16.22,19.78,9299821.453850556,1507,-3.9,-4.14,-6.18,-7.83,-15.72,3.14,VNM,yahoo,global,,,,VanEck Vietnam ETF (USD)
2026-10-02,85542.2734,0.81,1.79,10.66,36.77,27.81,-29.12,211.86,-2.25,126198.0703,57747.7656,2025-10-06,2026-07-01,126198.0703,82097.8441,78143.8005,70764.75,71376.4622,66.6,2245.3856026785716,2.62,45.1,-53.1,74944.5938,87363.7578,62487.6992,87363.7578,57747.7656,87363.7578,2681974553304140.5,2192,4.2,9.47,20.88,19.85,-32.22,48.13,BTC-USD,yahoo,global,,,,Bitcoin (Yahoo)
2026-10-02,2706.04,0.02,0.58,13.15,54.06,31.78,-39.7,63.34,-8.8,4755.2202,1506.5057,2025-10-07,2026-06-06,4953.7329,2628.7203,2468.7144,2143.242,2114.1547,64.0,80.06949288504464,2.96,63.6,-66.6,2357.9592,2805.499,1847.1749,2805.499,1506.5057,2805.499,38617151664463.21,2192,2.94,9.61,26.26,28.0,-43.09,79.62,ETH-USD,yahoo,global,,,,Ether (Yahoo)
2026-10-02,85548.1,0.82,1.73,10.66,36.77,27.81,-29.09,,-2.23,126198.1,57740.0,2025-10-06,2026-07-01,126198.1,82096.12,78141.19,70762.138,71377.1325,66.6,2293.4428571428557,2.68,45.0,-53.1,74891.5,87446.7,62490.0,87446.7,57740.0,87446.7,231429851.6066289,721,4.2,9.48,20.9,19.85,-32.21,48.16,BTC-USD,kraken,crypto,,,,
2026-10-02,2704.97,-0.02,0.51,13.13,53.95,31.72,-39.72,,-8.84,4759.01,1505.75,2025-10-06,2026-06-06,4956.01,2628.596,2468.621,2143.2123,2114.2141,63.9,82.63285714285712,3.05,63.6,-66.6,2356.45,2806.69,1847.16,2806.69,1505.75,2806.69,100602336.43791462,721,2.91,9.57,26.21,27.94,-43.16,79.64,ETH-USD,kraken,crypto,,,,
2026-10-02,120.05,1.4,-1.71,19.57,45.89,49.33,-48.89,,-3.52,237.83,60.12,2025-10-06,2026-06-06,296.0,113.1445,102.9156,89.3297,85.6776,63.9,5.211428571428572,4.34,67.7,-73.3,95.73,124.91,72.29,124.91,60.12,124.91,56023724.8826532,721,6.1,16.65,34.39,40.12,-49.52,99.68,SOL-USD,kraken,crypto,,,,
2026-10-02,1.51,1.08,-3.71,11.79,33.12,14.55,-50.33,,-17.9,3.0956,0.9847,2025-10-03,2026-08-14,3.6645,1.4546,1.3772,1.2277,1.2795,57.9,0.08793357142857146,5.82,67.0,-67.4,1.2461,1.6578,0.9847,1.7,0.9847,1.7,89651548.03804615,721,3.81,9.65,22.99,18.01,-51.22,53.35,XRP-USD,kraken,crypto,,,,
2026-10-02,14.2216,-1.16,2.08,27.94,78.45,64.27,-37.6,,16.75,23.7251,7.0,2025-10-07,2026-06-06,30.9102,13.0055,11.9582,10.0383,9.5139,61.1,0.9060978571428572,6.37,72.3,-69.2,10.61,15.7666,8.0607,15.7666,7.0,15.7666,9939232.12514653,721,9.35,18.93,41.67,49.48,-40.06,103.16,LINK-USD,kraken,crypto,,,,
2026-10-02,774.4614,0.39,-0.25,13.45,38.76,32.6,,,-10.05,1307.7583,545.8641,2025-10-09,2026-07-01,1307.7583,760.1556,717.7107,647.3415,636.8251,59.4,8.905038485907726,1.15,51.6,-58.3,711.7408,799.1367,591.7111,799.1367,545.8641,799.1367,0.0,366,1.88,7.91,19.64,21.61,-40.78,41.88,BNB-USD,coingecko,crypto,,,,
