ticker,name,last,ret_1y,ret_3y,max_10y,min_10y,pctile_10y,from_max_10y,ma200w_gap
SI=F,Silver,60.415,26.9,180.5,100.925,12.349,92.7,-40.1,55.9
GC=F,Gold,4162.2998,6.5,125.6,5247.8999,1131.9,92.1,-20.7,39.7
HG=F,Copper,6.549,29.5,80.7,6.6955,2.0835,98.5,-2.2,40.7
PL=F,Platinum,1700.0,5.0,95.0,2722.1001,621.6,92.9,-37.5,36.9
PA=F,Palladium,1172.2,-7.9,0.7,2979.8999,615.8,39.8,-60.7,-4.6
CL=F,WTI,91.11,49.7,10.0,120.67,16.94,91.6,-24.5,21.4
BZ=F,Brent,102.25,58.5,20.9,122.01,21.44,93.7,-16.2,28.8
NG=F,NatGas,3.035,-8.7,-9.1,9.336,1.495,59.0,-67.5,1.5
KC=F,Coffee Arabica,290.75,-25.6,99.1,419.75,87.35,84.1,-30.7,9.2
SB=F,Sugar,19.91,20.9,-25.5,27.77,9.73,78.9,-28.3,2.1
CT=F,Cotton,78.19,24.4,-10.0,152.33,50.98,56.3,-48.7,4.4
ZW=F,Wheat,683.0,32.6,20.2,1348.0,387.5,80.1,-49.3,15.2
ZR=F,Rough Rice,16.36,47.3,2.0,20.565,9.13,80.7,-20.4,10.7
ZC=F,Corn,497.75,18.8,1.2,818.25,307.75,73.4,-39.2,4.8
URA,Uranium ETF,39.79,-19.8,52.1,57.0,7.4,88.7,-30.2,20.3
GDX,Gold miners ETF,87.78,13.9,226.4,115.84,17.88,94.8,-24.2,73.3
SIL,Silver miners ETF,86.5,21.9,271.4,118.03,18.61,94.4,-26.7,80.9
COPX,Copper miners ETF,85.91,38.6,144.5,95.7,10.46,96.9,-10.2,69.5
VNM,VanEck Vietnam ETF,16.72,-4.6,25.1,21.4,10.5,68.2,-21.9,16.2
^GSPC,S&P500,7722.7202,15.0,79.2,7785.7598,2085.1799,99.2,-0.8,36.3
BTC-USD,Bitcoin,84577.2109,-31.5,202.8,123513.4766,616.752,88.7,-31.5,27.8
ETH-USD,Ether,2681.46,-40.6,64.1,4779.6475,85.2621,76.6,-43.9,6.0
SOL-USD,Solana,119.4,-47.8,413.6,252.9195,0.537,64.3,-52.8,7.1
TLT,US 20Y Treasury ETF,77.48,-13.3,-8.6,171.0,77.48,0.0,-54.7,-15.9
DX-Y.NYB,DXY,101.924,4.3,-3.9,113.31,89.07,72.4,-10.0,-0.2
